uuid,major,minor,category
6a468e3e-631f-44e6-8620-cc83330ed994,1,0,entrance
6a468e3e-631f-44e6-8620-cc83330ed994,1,1,beverage
6a468e3e-631f-44e6-8620-cc83330ed994,1,2,product
6a468e3e-631f-44e6-8620-cc83330ed994,1,3,dairy
6a468e3e-631f-44e6-8620-cc83330ed994,1,4,frozen
6a468e3e-631f-44e6-8620-cc83330ed994,1,5,paper goods
6a468e3e-631f-44e6-8620-cc83330ed994,1,6,meat
6a468e3e-631f-44e6-8620-cc83330ed994,1,7,deli
6a468e3e-631f-44e6-8620-cc83330ed994,1,8,bakery
6a468e3e-631f-44e6-8620-cc83330ed994,1,9,condiments
6a468e3e-631f-44e6-8620-cc83330ed994,1,10,canned goods
6a468e3e-631f-44e6-8620-cc83330ed994,1,11,health and beauty aids
6a468e3e-631f-44e6-8620-cc83330ed994,1,99,checkout
6a468e3e-631f-44e6-8620-cc83330ed994,2,0,entrance
6a468e3e-631f-44e6-8620-cc83330ed994,2,1,beverage
6a468e3e-631f-44e6-8620-cc83330ed994,2,2,product
6a468e3e-631f-44e6-8620-cc83330ed994,2,3,dairy
6a468e3e-631f-44e6-8620-cc83330ed994,2,4,frozen
6a468e3e-631f-44e6-8620-cc83330ed994,2,5,paper goods
6a468e3e-631f-44e6-8620-cc83330ed994,2,6,meat
6a468e3e-631f-44e6-8620-cc83330ed994,2,7,deli
6a468e3e-631f-44e6-8620-cc83330ed994,2,8,bakery
6a468e3e-631f-44e6-8620-cc83330ed994,2,9,condiments
6a468e3e-631f-44e6-8620-cc83330ed994,2,10,canned goods
6a468e3e-631f-44e6-8620-cc83330ed994,2,11,health and beauty aids
6a468e3e-631f-44e6-8620-cc83330ed994,2,99,checkout
6a468e3e-631f-44e6-8620-cc83330ed994,3,0,entrance
6a468e3e-631f-44e6-8620-cc83330ed994,3,1,beverage
6a468e3e-631f-44e6-8620-cc83330ed994,3,2,product
6a468e3e-631f-44e6-8620-cc83330ed994,3,3,dairy
6a468e3e-631f-44e6-8620-cc83330ed994,3,4,frozen
6a468e3e-631f-44e6-8620-cc83330ed994,3,5,paper goods
6a468e3e-631f-44e6-8620-cc83330ed994,3,6,meat
6a468e3e-631f-44e6-8620-cc83330ed994,3,7,deli
6a468e3e-631f-44e6-8620-cc83330ed994,3,8,bakery
6a468e3e-631f-44e6-8620-cc83330ed994,3,9,condiments
6a468e3e-631f-44e6-8620-cc83330ed994,3,10,canned goods
6a468e3e-631f-44e6-8620-cc83330ed994,3,11,health and beauty aids
6a468e3e-631f-44e6-8620-cc83330ed994,3,99,checkout
6a468e3e-631f-44e6-8620-cc83330ed994,4,0,entrance
6a468e3e-631f-44e6-8620-cc83330ed994,4,1,beverage
6a468e3e-631f-44e6-8620-cc83330ed994,4,2,product
6a468e3e-631f-44e6-8620-cc83330ed994,4,3,dairy
6a468e3e-631f-44e6-8620-cc83330ed994,4,4,frozen
6a468e3e-631f-44e6-8620-cc83330ed994,4,5,paper goods
6a468e3e-631f-44e6-8620-cc83330ed994,4,6,meat
6a468e3e-631f-44e6-8620-cc83330ed994,4,7,deli
6a468e3e-631f-44e6-8620-cc83330ed994,4,8,bakery
6a468e3e-631f-44e6-8620-cc83330ed994,4,9,condiments
6a468e3e-631f-44e6-8620-cc83330ed994,4,10,canned goods
6a468e3e-631f-44e6-8620-cc83330ed994,4,11,health and beauty aids
6a468e3e-631f-44e6-8620-cc83330ed994,4,99,checkout
6a468e3e-631f-44e6-8620-cc83330ed994,5,0,entrance
6a468e3e-631f-44e6-8620-cc83330ed994,5,1,beverage
6a468e3e-631f-44e6-8620-cc83330ed994,5,2,product
6a468e3e-631f-44e6-8620-cc83330ed994,5,3,dairy
6a468e3e-631f-44e6-8620-cc83330ed994,5,4,frozen
6a468e3e-631f-44e6-8620-cc83330ed994,5,5,paper goods
6a468e3e-631f-44e6-8620-cc83330ed994,5,6,meat
6a468e3e-631f-44e6-8620-cc83330ed994,5,7,deli
6a468e3e-631f-44e6-8620-cc83330ed994,5,8,bakery
6a468e3e-631f-44e6-8620-cc83330ed994,5,9,condiments
6a468e3e-631f-44e6-8620-cc83330ed994,5,10,canned goods
6a468e3e-631f-44e6-8620-cc83330ed994,5,11,health and beauty aids
6a468e3e-631f-44e6-8620-cc83330ed994,5,99,checkout
6a468e3e-631f-44e6-8620-cc83330ed994,6,0,entrance
6a468e3e-631f-44e6-8620-cc83330ed994,6,1,beverage
6a468e3e-631f-44e6-8620-cc83330ed994,6,2,product
6a468e3e-631f-44e6-8620-cc83330ed994,6,3,dairy
6a468e3e-631f-44e6-8620-cc83330ed994,6,4,frozen
6a468e3e-631f-44e6-8620-cc83330ed994,6,5,paper goods
6a468e3e-631f-44e6-8620-cc83330ed994,6,6,meat
6a468e3e-631f-44e6-8620-cc83330ed994,6,7,deli
6a468e3e-631f-44e6-8620-cc83330ed994,6,8,bakery
6a468e3e-631f-44e6-8620-cc83330ed994,6,9,condiments
6a468e3e-631f-44e6-8620-cc83330ed994,6,10,canned goods
6a468e3e-631f-44e6-8620-cc83330ed994,6,11,health and beauty aids
6a468e3e-631f-44e6-8620-cc83330ed994,6,99,checkout
6a468e3e-631f-44e6-8620-cc83330ed994,7,0,entrance
6a468e3e-631f-44e6-8620-cc83330ed994,7,1,beverage
6a468e3e-631f-44e6-8620-cc83330ed994,7,2,product
6a468e3e-631f-44e6-8620-cc83330ed994,7,3,dairy
6a468e3e-631f-44e6-8620-cc83330ed994,7,4,frozen
6a468e3e-631f-44e6-8620-cc83330ed994,7,5,paper goods
6a468e3e-631f-44e6-8620-cc83330ed994,7,6,meat
6a468e3e-631f-44e6-8620-cc83330ed994,7,7,deli
6a468e3e-631f-44e6-8620-cc83330ed994,7,8,bakery
6a468e3e-631f-44e6-8620-cc83330ed994,7,9,condiments
6a468e3e-631f-44e6-8620-cc83330ed994,7,10,canned goods
6a468e3e-631f-44e6-8620-cc83330ed994,7,11,health and beauty aids
6a468e3e-631f-44e6-8620-cc83330ed994,7,99,checkout
6a468e3e-631f-44e6-8620-cc83330ed994,8,0,entrance
6a468e3e-631f-44e6-8620-cc83330ed994,8,1,beverage
6a468e3e-631f-44e6-8620-cc83330ed994,8,2,product
6a468e3e-631f-44e6-8620-cc83330ed994,8,3,dairy
6a468e3e-631f-44e6-8620-cc83330ed994,8,4,frozen
6a468e3e-631f-44e6-8620-cc83330ed994,8,5,paper goods
6a468e3e-631f-44e6-8620-cc83330ed994,8,6,meat
6a468e3e-631f-44e6-8620-cc83330ed994,8,7,deli
6a468e3e-631f-44e6-8620-cc83330ed994,8,8,bakery
6a468e3e-631f-44e6-8620-cc83330ed994,8,9,condiments
6a468e3e-631f-44e6-8620-cc83330ed994,8,10,canned goods
6a468e3e-631f-44e6-8620-cc83330ed994,8,11,health and beauty aids
6a468e3e-631f-44e6-8620-cc83330ed994,8,99,checkout
6a468e3e-631f-44e6-8620-cc83330ed994,9,0,entrance
6a468e3e-631f-44e6-8620-cc83330ed994,9,1,beverage
6a468e3e-631f-44e6-8620-cc83330ed994,9,2,product
6a468e3e-631f-44e6-8620-cc83330ed994,9,3,dairy
6a468e3e-631f-44e6-8620-cc83330ed994,9,4,frozen
6a468e3e-631f-44e6-8620-cc83330ed994,9,5,paper goods
6a468e3e-631f-44e6-8620-cc83330ed994,9,6,meat
6a468e3e-631f-44e6-8620-cc83330ed994,9,7,deli
6a468e3e-631f-44e6-8620-cc83330ed994,9,8,bakery
6a468e3e-631f-44e6-8620-cc83330ed994,9,9,condiments
6a468e3e-631f-44e6-8620-cc83330ed994,9,10,canned goods
6a468e3e-631f-44e6-8620-cc83330ed994,9,11,health and beauty aids
6a468e3e-631f-44e6-8620-cc83330ed994,9,99,checkout
6a468e3e-631f-44e6-8620-cc83330ed994,10,0,entrance
6a468e3e-631f-44e6-8620-cc83330ed994,10,1,beverage
6a468e3e-631f-44e6-8620-cc83330ed994,10,2,product
6a468e3e-631f-44e6-8620-cc83330ed994,10,3,dairy
6a468e3e-631f-44e6-8620-cc83330ed994,10,4,frozen
6a468e3e-631f-44e6-8620-cc83330ed994,10,5,paper goods
6a468e3e-631f-44e6-8620-cc83330ed994,10,6,meat
6a468e3e-631f-44e6-8620-cc83330ed994,10,7,deli
6a468e3e-631f-44e6-8620-cc83330ed994,10,8,bakery
6a468e3e-631f-44e6-8620-cc83330ed994,10,9,condiments
6a468e3e-631f-44e6-8620-cc83330ed994,10,10,canned goods
6a468e3e-631f-44e6-8620-cc83330ed994,10,11,health and beauty aids
6a468e3e-631f-44e6-8620-cc83330ed994,10,99,checkout
6a468e3e-631f-44e6-8620-cc83330ed994,11,0,entrance
6a468e3e-631f-44e6-8620-cc83330ed994,11,1,beverage
6a468e3e-631f-44e6-8620-cc83330ed994,11,2,product
6a468e3e-631f-44e6-8620-cc83330ed994,11,3,dairy
6a468e3e-631f-44e6-8620-cc83330ed994,11,4,frozen
6a468e3e-631f-44e6-8620-cc83330ed994,11,5,paper goods
6a468e3e-631f-44e6-8620-cc83330ed994,11,6,meat
6a468e3e-631f-44e6-8620-cc83330ed994,11,7,deli
6a468e3e-631f-44e6-8620-cc83330ed994,11,8,bakery
6a468e3e-631f-44e6-8620-cc83330ed994,11,9,condiments
6a468e3e-631f-44e6-8620-cc83330ed994,11,10,canned goods
6a468e3e-631f-44e6-8620-cc83330ed994,11,11,health and beauty aids
6a468e3e-631f-44e6-8620-cc83330ed994,11,99,checkout
6a468e3e-631f-44e6-8620-cc83330ed994,12,0,entrance
6a468e3e-631f-44e6-8620-cc83330ed994,12,1,beverage
6a468e3e-631f-44e6-8620-cc83330ed994,12,2,product
6a468e3e-631f-44e6-8620-cc83330ed994,12,3,dairy
6a468e3e-631f-44e6-8620-cc83330ed994,12,4,frozen
6a468e3e-631f-44e6-8620-cc83330ed994,12,5,paper goods
6a468e3e-631f-44e6-8620-cc83330ed994,12,6,meat
6a468e3e-631f-44e6-8620-cc83330ed994,12,7,deli
6a468e3e-631f-44e6-8620-cc83330ed994,12,8,bakery
6a468e3e-631f-44e6-8620-cc83330ed994,12,9,condiments
6a468e3e-631f-44e6-8620-cc83330ed994,12,10,canned goods
6a468e3e-631f-44e6-8620-cc83330ed994,12,11,health and beauty aids
6a468e3e-631f-44e6-8620-cc83330ed994,12,99,checkout
6a468e3e-631f-44e6-8620-cc83330ed994,13,0,entrance
6a468e3e-631f-44e6-8620-cc83330ed994,13,1,beverage
6a468e3e-631f-44e6-8620-cc83330ed994,13,2,product
6a468e3e-631f-44e6-8620-cc83330ed994,13,3,dairy
6a468e3e-631f-44e6-8620-cc83330ed994,13,4,frozen
6a468e3e-631f-44e6-8620-cc83330ed994,13,5,paper goods
6a468e3e-631f-44e6-8620-cc83330ed994,13,6,meat
6a468e3e-631f-44e6-8620-cc83330ed994,13,7,deli
6a468e3e-631f-44e6-8620-cc83330ed994,13,8,bakery
6a468e3e-631f-44e6-8620-cc83330ed994,13,9,condiments
6a468e3e-631f-44e6-8620-cc83330ed994,13,10,canned goods
6a468e3e-631f-44e6-8620-cc83330ed994,13,11,health and beauty aids
6a468e3e-631f-44e6-8620-cc83330ed994,13,99,checkout
6a468e3e-631f-44e6-8620-cc83330ed994,14,0,entrance
6a468e3e-631f-44e6-8620-cc83330ed994,14,1,beverage
6a468e3e-631f-44e6-8620-cc83330ed994,14,2,product
6a468e3e-631f-44e6-8620-cc83330ed994,14,3,dairy
6a468e3e-631f-44e6-8620-cc83330ed994,14,4,frozen
6a468e3e-631f-44e6-8620-cc83330ed994,14,5,paper goods
6a468e3e-631f-44e6-8620-cc83330ed994,14,6,meat
6a468e3e-631f-44e6-8620-cc83330ed994,14,7,deli
6a468e3e-631f-44e6-8620-cc83330ed994,14,8,bakery
6a468e3e-631f-44e6-8620-cc83330ed994,14,9,condiments
6a468e3e-631f-44e6-8620-cc83330ed994,14,10,canned goods
6a468e3e-631f-44e6-8620-cc83330ed994,14,11,health and beauty aids
6a468e3e-631f-44e6-8620-cc83330ed994,14,99,checkout
6a468e3e-631f-44e6-8620-cc83330ed994,15,0,entrance
6a468e3e-631f-44e6-8620-cc83330ed994,15,1,beverage
6a468e3e-631f-44e6-8620-cc83330ed994,15,2,product
6a468e3e-631f-44e6-8620-cc83330ed994,15,3,dairy
6a468e3e-631f-44e6-8620-cc83330ed994,15,4,frozen
6a468e3e-631f-44e6-8620-cc83330ed994,15,5,paper goods
6a468e3e-631f-44e6-8620-cc83330ed994,15,6,meat
6a468e3e-631f-44e6-8620-cc83330ed994,15,7,deli
6a468e3e-631f-44e6-8620-cc83330ed994,15,8,bakery
6a468e3e-631f-44e6-8620-cc83330ed994,15,9,condiments
6a468e3e-631f-44e6-8620-cc83330ed994,15,10,canned goods
6a468e3e-631f-44e6-8620-cc83330ed994,15,11,health and beauty aids
6a468e3e-631f-44e6-8620-cc83330ed994,15,99,checkout
6a468e3e-631f-44e6-8620-cc83330ed994,16,0,entrance
6a468e3e-631f-44e6-8620-cc83330ed994,16,1,beverage
6a468e3e-631f-44e6-8620-cc83330ed994,16,2,product
6a468e3e-631f-44e6-8620-cc83330ed994,16,3,dairy
6a468e3e-631f-44e6-8620-cc83330ed994,16,4,frozen
6a468e3e-631f-44e6-8620-cc83330ed994,16,5,paper goods
6a468e3e-631f-44e6-8620-cc83330ed994,16,6,meat
6a468e3e-631f-44e6-8620-cc83330ed994,16,7,deli
6a468e3e-631f-44e6-8620-cc83330ed994,16,8,bakery
6a468e3e-631f-44e6-8620-cc83330ed994,16,9,condiments
6a468e3e-631f-44e6-8620-cc83330ed994,16,10,canned goods
6a468e3e-631f-44e6-8620-cc83330ed994,16,11,health and beauty aids
6a468e3e-631f-44e6-8620-cc83330ed994,16,99,checkout
6a468e3e-631f-44e6-8620-cc83330ed994,17,0,entrance
6a468e3e-631f-44e6-8620-cc83330ed994,17,1,beverage
6a468e3e-631f-44e6-8620-cc83330ed994,17,2,product
6a468e3e-631f-44e6-8620-cc83330ed994,17,3,dairy
6a468e3e-631f-44e6-8620-cc83330ed994,17,4,frozen
6a468e3e-631f-44e6-8620-cc83330ed994,17,5,paper goods
6a468e3e-631f-44e6-8620-cc83330ed994,17,6,meat
6a468e3e-631f-44e6-8620-cc83330ed994,17,7,deli
6a468e3e-631f-44e6-8620-cc83330ed994,17,8,bakery
6a468e3e-631f-44e6-8620-cc83330ed994,17,9,condiments
6a468e3e-631f-44e6-8620-cc83330ed994,17,10,canned goods
6a468e3e-631f-44e6-8620-cc83330ed994,17,11,health and beauty aids
6a468e3e-631f-44e6-8620-cc83330ed994,17,99,checkout
6a468e3e-631f-44e6-8620-cc83330ed994,18,0,entrance
6a468e3e-631f-44e6-8620-cc83330ed994,18,1,beverage
6a468e3e-631f-44e6-8620-cc83330ed994,18,2,product
6a468e3e-631f-44e6-8620-cc83330ed994,18,3,dairy
6a468e3e-631f-44e6-8620-cc83330ed994,18,4,frozen
6a468e3e-631f-44e6-8620-cc83330ed994,18,5,paper goods
6a468e3e-631f-44e6-8620-cc83330ed994,18,6,meat
6a468e3e-631f-44e6-8620-cc83330ed994,18,7,deli
6a468e3e-631f-44e6-8620-cc83330ed994,18,8,bakery
6a468e3e-631f-44e6-8620-cc83330ed994,18,9,condiments
6a468e3e-631f-44e6-8620-cc83330ed994,18,10,canned goods
6a468e3e-631f-44e6-8620-cc83330ed994,18,11,health and beauty aids
6a468e3e-631f-44e6-8620-cc83330ed994,18,99,checkout
6a468e3e-631f-44e6-8620-cc83330ed994,19,0,entrance
6a468e3e-631f-44e6-8620-cc83330ed994,19,1,beverage
6a468e3e-631f-44e6-8620-cc83330ed994,19,2,product
6a468e3e-631f-44e6-8620-cc83330ed994,19,3,dairy
6a468e3e-631f-44e6-8620-cc83330ed994,19,4,frozen
6a468e3e-631f-44e6-8620-cc83330ed994,19,5,paper goods
6a468e3e-631f-44e6-8620-cc83330ed994,19,6,meat
6a468e3e-631f-44e6-8620-cc83330ed994,19,7,deli
6a468e3e-631f-44e6-8620-cc83330ed994,19,8,bakery
6a468e3e-631f-44e6-8620-cc83330ed994,19,9,condiments
6a468e3e-631f-44e6-8620-cc83330ed994,19,10,canned goods
6a468e3e-631f-44e6-8620-cc83330ed994,19,11,health and beauty aids
6a468e3e-631f-44e6-8620-cc83330ed994,19,99,checkout
6a468e3e-631f-44e6-8620-cc83330ed994,20,0,entrance
6a468e3e-631f-44e6-8620-cc83330ed994,20,1,beverage
6a468e3e-631f-44e6-8620-cc83330ed994,20,2,product
6a468e3e-631f-44e6-8620-cc83330ed994,20,3,dairy
6a468e3e-631f-44e6-8620-cc83330ed994,20,4,frozen
6a468e3e-631f-44e6-8620-cc83330ed994,20,5,paper goods
6a468e3e-631f-44e6-8620-cc83330ed994,20,6,meat
6a468e3e-631f-44e6-8620-cc83330ed994,20,7,deli
6a468e3e-631f-44e6-8620-cc83330ed994,20,8,bakery
6a468e3e-631f-44e6-8620-cc83330ed994,20,9,condiments
6a468e3e-631f-44e6-8620-cc83330ed994,20,10,canned goods
6a468e3e-631f-44e6-8620-cc83330ed994,20,11,health and beauty aids
6a468e3e-631f-44e6-8620-cc83330ed994,20,99,checkout
6a468e3e-631f-44e6-8620-cc83330ed994,21,0,entrance
6a468e3e-631f-44e6-8620-cc83330ed994,21,1,beverage
6a468e3e-631f-44e6-8620-cc83330ed994,21,2,product
6a468e3e-631f-44e6-8620-cc83330ed994,21,3,dairy
6a468e3e-631f-44e6-8620-cc83330ed994,21,4,frozen
6a468e3e-631f-44e6-8620-cc83330ed994,21,5,paper goods
6a468e3e-631f-44e6-8620-cc83330ed994,21,6,meat
6a468e3e-631f-44e6-8620-cc83330ed994,21,7,deli
6a468e3e-631f-44e6-8620-cc83330ed994,21,8,bakery
6a468e3e-631f-44e6-8620-cc83330ed994,21,9,condiments
6a468e3e-631f-44e6-8620-cc83330ed994,21,10,canned goods
6a468e3e-631f-44e6-8620-cc83330ed994,21,11,health and beauty aids
6a468e3e-631f-44e6-8620-cc83330ed994,21,99,checkout
6a468e3e-631f-44e6-8620-cc83330ed994,22,0,entrance
6a468e3e-631f-44e6-8620-cc83330ed994,22,1,beverage
6a468e3e-631f-44e6-8620-cc83330ed994,22,2,product
6a468e3e-631f-44e6-8620-cc83330ed994,22,3,dairy
6a468e3e-631f-44e6-8620-cc83330ed994,22,4,frozen
6a468e3e-631f-44e6-8620-cc83330ed994,22,5,paper goods
6a468e3e-631f-44e6-8620-cc83330ed994,22,6,meat
6a468e3e-631f-44e6-8620-cc83330ed994,22,7,deli
6a468e3e-631f-44e6-8620-cc83330ed994,22,8,bakery
6a468e3e-631f-44e6-8620-cc83330ed994,22,9,condiments
6a468e3e-631f-44e6-8620-cc83330ed994,22,10,canned goods
6a468e3e-631f-44e6-8620-cc83330ed994,22,11,health and beauty aids
6a468e3e-631f-44e6-8620-cc83330ed994,22,99,checkout
6a468e3e-631f-44e6-8620-cc83330ed994,23,0,entrance
6a468e3e-631f-44e6-8620-cc83330ed994,23,1,beverage
6a468e3e-631f-44e6-8620-cc83330ed994,23,2,product
6a468e3e-631f-44e6-8620-cc83330ed994,23,3,dairy
6a468e3e-631f-44e6-8620-cc83330ed994,23,4,frozen
6a468e3e-631f-44e6-8620-cc83330ed994,23,5,paper goods
6a468e3e-631f-44e6-8620-cc83330ed994,23,6,meat
6a468e3e-631f-44e6-8620-cc83330ed994,23,7,deli
6a468e3e-631f-44e6-8620-cc83330ed994,23,8,bakery
6a468e3e-631f-44e6-8620-cc83330ed994,23,9,condiments
6a468e3e-631f-44e6-8620-cc83330ed994,23,10,canned goods
6a468e3e-631f-44e6-8620-cc83330ed994,23,11,health and beauty aids
6a468e3e-631f-44e6-8620-cc83330ed994,23,99,checkout
6a468e3e-631f-44e6-8620-cc83330ed994,24,0,entrance
6a468e3e-631f-44e6-8620-cc83330ed994,24,1,beverage
6a468e3e-631f-44e6-8620-cc83330ed994,24,2,product
6a468e3e-631f-44e6-8620-cc83330ed994,24,3,dairy
6a468e3e-631f-44e6-8620-cc83330ed994,24,4,frozen
6a468e3e-631f-44e6-8620-cc83330ed994,24,5,paper goods
6a468e3e-631f-44e6-8620-cc83330ed994,24,6,meat
6a468e3e-631f-44e6-8620-cc83330ed994,24,7,deli
6a468e3e-631f-44e6-8620-cc83330ed994,24,8,bakery
6a468e3e-631f-44e6-8620-cc83330ed994,24,9,condiments
6a468e3e-631f-44e6-8620-cc83330ed994,24,10,canned goods
6a468e3e-631f-44e6-8620-cc83330ed994,24,11,health and beauty aids
6a468e3e-631f-44e6-8620-cc83330ed994,24,99,checkout
6a468e3e-631f-44e6-8620-cc83330ed994,25,0,entrance
6a468e3e-631f-44e6-8620-cc83330ed994,25,1,beverage
6a468e3e-631f-44e6-8620-cc83330ed994,25,2,product
6a468e3e-631f-44e6-8620-cc83330ed994,25,3,dairy
6a468e3e-631f-44e6-8620-cc83330ed994,25,4,frozen
6a468e3e-631f-44e6-8620-cc83330ed994,25,5,paper goods
6a468e3e-631f-44e6-8620-cc83330ed994,25,6,meat
6a468e3e-631f-44e6-8620-cc83330ed994,25,7,deli
6a468e3e-631f-44e6-8620-cc83330ed994,25,8,bakery
6a468e3e-631f-44e6-8620-cc83330ed994,25,9,condiments
6a468e3e-631f-44e6-8620-cc83330ed994,25,10,canned goods
6a468e3e-631f-44e6-8620-cc83330ed994,25,11,health and beauty aids
6a468e3e-631f-44e6-8620-cc83330ed994,25,99,checkout
6a468e3e-631f-44e6-8620-cc83330ed994,26,0,entrance
6a468e3e-631f-44e6-8620-cc83330ed994,26,1,beverage
6a468e3e-631f-44e6-8620-cc83330ed994,26,2,product
6a468e3e-631f-44e6-8620-cc83330ed994,26,3,dairy
6a468e3e-631f-44e6-8620-cc83330ed994,26,4,frozen
6a468e3e-631f-44e6-8620-cc83330ed994,26,5,paper goods
6a468e3e-631f-44e6-8620-cc83330ed994,26,6,meat
6a468e3e-631f-44e6-8620-cc83330ed994,26,7,deli
6a468e3e-631f-44e6-8620-cc83330ed994,26,8,bakery
6a468e3e-631f-44e6-8620-cc83330ed994,26,9,condiments
6a468e3e-631f-44e6-8620-cc83330ed994,26,10,canned goods
6a468e3e-631f-44e6-8620-cc83330ed994,26,11,health and beauty aids
6a468e3e-631f-44e6-8620-cc83330ed994,26,99,checkout
6a468e3e-631f-44e6-8620-cc83330ed994,27,0,entrance
6a468e3e-631f-44e6-8620-cc83330ed994,27,1,beverage
6a468e3e-631f-44e6-8620-cc83330ed994,27,2,product
6a468e3e-631f-44e6-8620-cc83330ed994,27,3,dairy
6a468e3e-631f-44e6-8620-cc83330ed994,27,4,frozen
6a468e3e-631f-44e6-8620-cc83330ed994,27,5,paper goods
6a468e3e-631f-44e6-8620-cc83330ed994,27,6,meat
6a468e3e-631f-44e6-8620-cc83330ed994,27,7,deli
6a468e3e-631f-44e6-8620-cc83330ed994,27,8,bakery
6a468e3e-631f-44e6-8620-cc83330ed994,27,9,condiments
6a468e3e-631f-44e6-8620-cc83330ed994,27,10,canned goods
6a468e3e-631f-44e6-8620-cc83330ed994,27,11,health and beauty aids
6a468e3e-631f-44e6-8620-cc83330ed994,27,99,checkout
6a468e3e-631f-44e6-8620-cc83330ed994,28,0,entrance
6a468e3e-631f-44e6-8620-cc83330ed994,28,1,beverage
6a468e3e-631f-44e6-8620-cc83330ed994,28,2,product
6a468e3e-631f-44e6-8620-cc83330ed994,28,3,dairy
6a468e3e-631f-44e6-8620-cc83330ed994,28,4,frozen
6a468e3e-631f-44e6-8620-cc83330ed994,28,5,paper goods
6a468e3e-631f-44e6-8620-cc83330ed994,28,6,meat
6a468e3e-631f-44e6-8620-cc83330ed994,28,7,deli
6a468e3e-631f-44e6-8620-cc83330ed994,28,8,bakery
6a468e3e-631f-44e6-8620-cc83330ed994,28,9,condiments
6a468e3e-631f-44e6-8620-cc83330ed994,28,10,canned goods
6a468e3e-631f-44e6-8620-cc83330ed994,28,11,health and beauty aids
6a468e3e-631f-44e6-8620-cc83330ed994,28,99,checkout
6a468e3e-631f-44e6-8620-cc83330ed994,29,0,entrance
6a468e3e-631f-44e6-8620-cc83330ed994,29,1,beverage
6a468e3e-631f-44e6-8620-cc83330ed994,29,2,product
6a468e3e-631f-44e6-8620-cc83330ed994,29,3,dairy
6a468e3e-631f-44e6-8620-cc83330ed994,29,4,frozen
6a468e3e-631f-44e6-8620-cc83330ed994,29,5,paper goods
6a468e3e-631f-44e6-8620-cc83330ed994,29,6,meat
6a468e3e-631f-44e6-8620-cc83330ed994,29,7,deli
6a468e3e-631f-44e6-8620-cc83330ed994,29,8,bakery
6a468e3e-631f-44e6-8620-cc83330ed994,29,9,condiments
6a468e3e-631f-44e6-8620-cc83330ed994,29,10,canned goods
6a468e3e-631f-44e6-8620-cc83330ed994,29,11,health and beauty aids
6a468e3e-631f-44e6-8620-cc83330ed994,29,99,checkout
6a468e3e-631f-44e6-8620-cc83330ed994,30,0,entrance
6a468e3e-631f-44e6-8620-cc83330ed994,30,1,beverage
6a468e3e-631f-44e6-8620-cc83330ed994,30,2,product
6a468e3e-631f-44e6-8620-cc83330ed994,30,3,dairy
6a468e3e-631f-44e6-8620-cc83330ed994,30,4,frozen
6a468e3e-631f-44e6-8620-cc83330ed994,30,5,paper goods
6a468e3e-631f-44e6-8620-cc83330ed994,30,6,meat
6a468e3e-631f-44e6-8620-cc83330ed994,30,7,deli
6a468e3e-631f-44e6-8620-cc83330ed994,30,8,bakery
6a468e3e-631f-44e6-8620-cc83330ed994,30,9,condiments
6a468e3e-631f-44e6-8620-cc83330ed994,30,10,canned goods
6a468e3e-631f-44e6-8620-cc83330ed994,30,11,health and beauty aids
6a468e3e-631f-44e6-8620-cc83330ed994,30,99,checkout
6a468e3e-631f-44e6-8620-cc83330ed994,31,0,entrance
6a468e3e-631f-44e6-8620-cc83330ed994,31,1,beverage
6a468e3e-631f-44e6-8620-cc83330ed994,31,2,product
6a468e3e-631f-44e6-8620-cc83330ed994,31,3,dairy
6a468e3e-631f-44e6-8620-cc83330ed994,31,4,frozen
6a468e3e-631f-44e6-8620-cc83330ed994,31,5,paper goods
6a468e3e-631f-44e6-8620-cc83330ed994,31,6,meat
6a468e3e-631f-44e6-8620-cc83330ed994,31,7,deli
6a468e3e-631f-44e6-8620-cc83330ed994,31,8,bakery
6a468e3e-631f-44e6-8620-cc83330ed994,31,9,condiments
6a468e3e-631f-44e6-8620-cc83330ed994,31,10,canned goods
6a468e3e-631f-44e6-8620-cc83330ed994,31,11,health and beauty aids
6a468e3e-631f-44e6-8620-cc83330ed994,31,99,checkout
6a468e3e-631f-44e6-8620-cc83330ed994,32,0,entrance
6a468e3e-631f-44e6-8620-cc83330ed994,32,1,beverage
6a468e3e-631f-44e6-8620-cc83330ed994,32,2,product
6a468e3e-631f-44e6-8620-cc83330ed994,32,3,dairy
6a468e3e-631f-44e6-8620-cc83330ed994,32,4,frozen
6a468e3e-631f-44e6-8620-cc83330ed994,32,5,paper goods
6a468e3e-631f-44e6-8620-cc83330ed994,32,6,meat
6a468e3e-631f-44e6-8620-cc83330ed994,32,7,deli
6a468e3e-631f-44e6-8620-cc83330ed994,32,8,bakery
6a468e3e-631f-44e6-8620-cc83330ed994,32,9,condiments
6a468e3e-631f-44e6-8620-cc83330ed994,32,10,canned goods
6a468e3e-631f-44e6-8620-cc83330ed994,32,11,health and beauty aids
6a468e3e-631f-44e6-8620-cc83330ed994,32,99,checkout
6a468e3e-631f-44e6-8620-cc83330ed994,33,0,entrance
6a468e3e-631f-44e6-8620-cc83330ed994,33,1,beverage
6a468e3e-631f-44e6-8620-cc83330ed994,33,2,product
6a468e3e-631f-44e6-8620-cc83330ed994,33,3,dairy
6a468e3e-631f-44e6-8620-cc83330ed994,33,4,frozen
6a468e3e-631f-44e6-8620-cc83330ed994,33,5,paper goods
6a468e3e-631f-44e6-8620-cc83330ed994,33,6,meat
6a468e3e-631f-44e6-8620-cc83330ed994,33,7,deli
6a468e3e-631f-44e6-8620-cc83330ed994,33,8,bakery
6a468e3e-631f-44e6-8620-cc83330ed994,33,9,condiments
6a468e3e-631f-44e6-8620-cc83330ed994,33,10,canned goods
6a468e3e-631f-44e6-8620-cc83330ed994,33,11,health and beauty aids
6a468e3e-631f-44e6-8620-cc83330ed994,33,99,checkout
6a468e3e-631f-44e6-8620-cc83330ed994,34,0,entrance
6a468e3e-631f-44e6-8620-cc83330ed994,34,1,beverage
6a468e3e-631f-44e6-8620-cc83330ed994,34,2,product
6a468e3e-631f-44e6-8620-cc83330ed994,34,3,dairy
6a468e3e-631f-44e6-8620-cc83330ed994,34,4,frozen
6a468e3e-631f-44e6-8620-cc83330ed994,34,5,paper goods
6a468e3e-631f-44e6-8620-cc83330ed994,34,6,meat
6a468e3e-631f-44e6-8620-cc83330ed994,34,7,deli
6a468e3e-631f-44e6-8620-cc83330ed994,34,8,bakery
6a468e3e-631f-44e6-8620-cc83330ed994,34,9,condiments
6a468e3e-631f-44e6-8620-cc83330ed994,34,10,canned goods
6a468e3e-631f-44e6-8620-cc83330ed994,34,11,health and beauty aids
6a468e3e-631f-44e6-8620-cc83330ed994,34,99,checkout
6a468e3e-631f-44e6-8620-cc83330ed994,35,0,entrance
6a468e3e-631f-44e6-8620-cc83330ed994,35,1,beverage
6a468e3e-631f-44e6-8620-cc83330ed994,35,2,product
6a468e3e-631f-44e6-8620-cc83330ed994,35,3,dairy
6a468e3e-631f-44e6-8620-cc83330ed994,35,4,frozen
6a468e3e-631f-44e6-8620-cc83330ed994,35,5,paper goods
6a468e3e-631f-44e6-8620-cc83330ed994,35,6,meat
6a468e3e-631f-44e6-8620-cc83330ed994,35,7,deli
6a468e3e-631f-44e6-8620-cc83330ed994,35,8,bakery
6a468e3e-631f-44e6-8620-cc83330ed994,35,9,condiments
6a468e3e-631f-44e6-8620-cc83330ed994,35,10,canned goods
6a468e3e-631f-44e6-8620-cc83330ed994,35,11,health and beauty aids
6a468e3e-631f-44e6-8620-cc83330ed994,35,99,checkout
6a468e3e-631f-44e6-8620-cc83330ed994,36,0,entrance
6a468e3e-631f-44e6-8620-cc83330ed994,36,1,beverage
6a468e3e-631f-44e6-8620-cc83330ed994,36,2,product
6a468e3e-631f-44e6-8620-cc83330ed994,36,3,dairy
6a468e3e-631f-44e6-8620-cc83330ed994,36,4,frozen
6a468e3e-631f-44e6-8620-cc83330ed994,36,5,paper goods
6a468e3e-631f-44e6-8620-cc83330ed994,36,6,meat
6a468e3e-631f-44e6-8620-cc83330ed994,36,7,deli
6a468e3e-631f-44e6-8620-cc83330ed994,36,8,bakery
6a468e3e-631f-44e6-8620-cc83330ed994,36,9,condiments
6a468e3e-631f-44e6-8620-cc83330ed994,36,10,canned goods
6a468e3e-631f-44e6-8620-cc83330ed994,36,11,health and beauty aids
6a468e3e-631f-44e6-8620-cc83330ed994,36,99,checkout
6a468e3e-631f-44e6-8620-cc83330ed994,37,0,entrance
6a468e3e-631f-44e6-8620-cc83330ed994,37,1,beverage
6a468e3e-631f-44e6-8620-cc83330ed994,37,2,product
6a468e3e-631f-44e6-8620-cc83330ed994,37,3,dairy
6a468e3e-631f-44e6-8620-cc83330ed994,37,4,frozen
6a468e3e-631f-44e6-8620-cc83330ed994,37,5,paper goods
6a468e3e-631f-44e6-8620-cc83330ed994,37,6,meat
6a468e3e-631f-44e6-8620-cc83330ed994,37,7,deli
6a468e3e-631f-44e6-8620-cc83330ed994,37,8,bakery
6a468e3e-631f-44e6-8620-cc83330ed994,37,9,condiments
6a468e3e-631f-44e6-8620-cc83330ed994,37,10,canned goods
6a468e3e-631f-44e6-8620-cc83330ed994,37,11,health and beauty aids
6a468e3e-631f-44e6-8620-cc83330ed994,37,99,checkout
6a468e3e-631f-44e6-8620-cc83330ed994,38,0,entrance
6a468e3e-631f-44e6-8620-cc83330ed994,38,1,beverage
6a468e3e-631f-44e6-8620-cc83330ed994,38,2,product
6a468e3e-631f-44e6-8620-cc83330ed994,38,3,dairy
6a468e3e-631f-44e6-8620-cc83330ed994,38,4,frozen
6a468e3e-631f-44e6-8620-cc83330ed994,38,5,paper goods
6a468e3e-631f-44e6-8620-cc83330ed994,38,6,meat
6a468e3e-631f-44e6-8620-cc83330ed994,38,7,deli
6a468e3e-631f-44e6-8620-cc83330ed994,38,8,bakery
6a468e3e-631f-44e6-8620-cc83330ed994,38,9,condiments
6a468e3e-631f-44e6-8620-cc83330ed994,38,10,canned goods
6a468e3e-631f-44e6-8620-cc83330ed994,38,11,health and beauty aids
6a468e3e-631f-44e6-8620-cc83330ed994,38,99,checkout
6a468e3e-631f-44e6-8620-cc83330ed994,39,0,entrance
6a468e3e-631f-44e6-8620-cc83330ed994,39,1,beverage
6a468e3e-631f-44e6-8620-cc83330ed994,39,2,product
6a468e3e-631f-44e6-8620-cc83330ed994,39,3,dairy
6a468e3e-631f-44e6-8620-cc83330ed994,39,4,frozen
6a468e3e-631f-44e6-8620-cc83330ed994,39,5,paper goods
6a468e3e-631f-44e6-8620-cc83330ed994,39,6,meat
6a468e3e-631f-44e6-8620-cc83330ed994,39,7,deli
6a468e3e-631f-44e6-8620-cc83330ed994,39,8,bakery
6a468e3e-631f-44e6-8620-cc83330ed994,39,9,condiments
6a468e3e-631f-44e6-8620-cc83330ed994,39,10,canned goods
6a468e3e-631f-44e6-8620-cc83330ed994,39,11,health and beauty aids
6a468e3e-631f-44e6-8620-cc83330ed994,39,99,checkout
6a468e3e-631f-44e6-8620-cc83330ed994,40,0,entrance
6a468e3e-631f-44e6-8620-cc83330ed994,40,1,beverage
6a468e3e-631f-44e6-8620-cc83330ed994,40,2,product
6a468e3e-631f-44e6-8620-cc83330ed994,40,3,dairy
6a468e3e-631f-44e6-8620-cc83330ed994,40,4,frozen
6a468e3e-631f-44e6-8620-cc83330ed994,40,5,paper goods
6a468e3e-631f-44e6-8620-cc83330ed994,40,6,meat
6a468e3e-631f-44e6-8620-cc83330ed994,40,7,deli
6a468e3e-631f-44e6-8620-cc83330ed994,40,8,bakery
6a468e3e-631f-44e6-8620-cc83330ed994,40,9,condiments
6a468e3e-631f-44e6-8620-cc83330ed994,40,10,canned goods
6a468e3e-631f-44e6-8620-cc83330ed994,40,11,health and beauty aids
6a468e3e-631f-44e6-8620-cc83330ed994,40,99,checkout
6a468e3e-631f-44e6-8620-cc83330ed994,41,0,entrance
6a468e3e-631f-44e6-8620-cc83330ed994,41,1,beverage
6a468e3e-631f-44e6-8620-cc83330ed994,41,2,product
6a468e3e-631f-44e6-8620-cc83330ed994,41,3,dairy
6a468e3e-631f-44e6-8620-cc83330ed994,41,4,frozen
6a468e3e-631f-44e6-8620-cc83330ed994,41,5,paper goods
6a468e3e-631f-44e6-8620-cc83330ed994,41,6,meat
6a468e3e-631f-44e6-8620-cc83330ed994,41,7,deli
6a468e3e-631f-44e6-8620-cc83330ed994,41,8,bakery
6a468e3e-631f-44e6-8620-cc83330ed994,41,9,condiments
6a468e3e-631f-44e6-8620-cc83330ed994,41,10,canned goods
6a468e3e-631f-44e6-8620-cc83330ed994,41,11,health and beauty aids
6a468e3e-631f-44e6-8620-cc83330ed994,41,99,checkout
6a468e3e-631f-44e6-8620-cc83330ed994,42,0,entrance
6a468e3e-631f-44e6-8620-cc83330ed994,42,1,beverage
6a468e3e-631f-44e6-8620-cc83330ed994,42,2,product
6a468e3e-631f-44e6-8620-cc83330ed994,42,3,dairy
6a468e3e-631f-44e6-8620-cc83330ed994,42,4,frozen
6a468e3e-631f-44e6-8620-cc83330ed994,42,5,paper goods
6a468e3e-631f-44e6-8620-cc83330ed994,42,6,meat
6a468e3e-631f-44e6-8620-cc83330ed994,42,7,deli
6a468e3e-631f-44e6-8620-cc83330ed994,42,8,bakery
6a468e3e-631f-44e6-8620-cc83330ed994,42,9,condiments
6a468e3e-631f-44e6-8620-cc83330ed994,42,10,canned goods
6a468e3e-631f-44e6-8620-cc83330ed994,42,11,health and beauty aids
6a468e3e-631f-44e6-8620-cc83330ed994,42,99,checkout
6a468e3e-631f-44e6-8620-cc83330ed994,43,0,entrance
6a468e3e-631f-44e6-8620-cc83330ed994,43,1,beverage
6a468e3e-631f-44e6-8620-cc83330ed994,43,2,product
6a468e3e-631f-44e6-8620-cc83330ed994,43,3,dairy
6a468e3e-631f-44e6-8620-cc83330ed994,43,4,frozen
6a468e3e-631f-44e6-8620-cc83330ed994,43,5,paper goods
6a468e3e-631f-44e6-8620-cc83330ed994,43,6,meat
6a468e3e-631f-44e6-8620-cc83330ed994,43,7,deli
6a468e3e-631f-44e6-8620-cc83330ed994,43,8,bakery
6a468e3e-631f-44e6-8620-cc83330ed994,43,9,condiments
6a468e3e-631f-44e6-8620-cc83330ed994,43,10,canned goods
6a468e3e-631f-44e6-8620-cc83330ed994,43,11,health and beauty aids
6a468e3e-631f-44e6-8620-cc83330ed994,43,99,checkout
6a468e3e-631f-44e6-8620-cc83330ed994,44,0,entrance
6a468e3e-631f-44e6-8620-cc83330ed994,44,1,beverage
6a468e3e-631f-44e6-8620-cc83330ed994,44,2,product
6a468e3e-631f-44e6-8620-cc83330ed994,44,3,dairy
6a468e3e-631f-44e6-8620-cc83330ed994,44,4,frozen
6a468e3e-631f-44e6-8620-cc83330ed994,44,5,paper goods
6a468e3e-631f-44e6-8620-cc83330ed994,44,6,meat
6a468e3e-631f-44e6-8620-cc83330ed994,44,7,deli
6a468e3e-631f-44e6-8620-cc83330ed994,44,8,bakery
6a468e3e-631f-44e6-8620-cc83330ed994,44,9,condiments
6a468e3e-631f-44e6-8620-cc83330ed994,44,10,canned goods
6a468e3e-631f-44e6-8620-cc83330ed994,44,11,health and beauty aids
6a468e3e-631f-44e6-8620-cc83330ed994,44,99,checkout
6a468e3e-631f-44e6-8620-cc83330ed994,45,0,entrance
6a468e3e-631f-44e6-8620-cc83330ed994,45,1,beverage
6a468e3e-631f-44e6-8620-cc83330ed994,45,2,product
6a468e3e-631f-44e6-8620-cc83330ed994,45,3,dairy
6a468e3e-631f-44e6-8620-cc83330ed994,45,4,frozen
6a468e3e-631f-44e6-8620-cc83330ed994,45,5,paper goods
6a468e3e-631f-44e6-8620-cc83330ed994,45,6,meat
6a468e3e-631f-44e6-8620-cc83330ed994,45,7,deli
6a468e3e-631f-44e6-8620-cc83330ed994,45,8,bakery
6a468e3e-631f-44e6-8620-cc83330ed994,45,9,condiments
6a468e3e-631f-44e6-8620-cc83330ed994,45,10,canned goods
6a468e3e-631f-44e6-8620-cc83330ed994,45,11,health and beauty aids
6a468e3e-631f-44e6-8620-cc83330ed994,45,99,checkout
6a468e3e-631f-44e6-8620-cc83330ed994,46,0,entrance
6a468e3e-631f-44e6-8620-cc83330ed994,46,1,beverage
6a468e3e-631f-44e6-8620-cc83330ed994,46,2,product
6a468e3e-631f-44e6-8620-cc83330ed994,46,3,dairy
6a468e3e-631f-44e6-8620-cc83330ed994,46,4,frozen
6a468e3e-631f-44e6-8620-cc83330ed994,46,5,paper goods
6a468e3e-631f-44e6-8620-cc83330ed994,46,6,meat
6a468e3e-631f-44e6-8620-cc83330ed994,46,7,deli
6a468e3e-631f-44e6-8620-cc83330ed994,46,8,bakery
6a468e3e-631f-44e6-8620-cc83330ed994,46,9,condiments
6a468e3e-631f-44e6-8620-cc83330ed994,46,10,canned goods
6a468e3e-631f-44e6-8620-cc83330ed994,46,11,health and beauty aids
6a468e3e-631f-44e6-8620-cc83330ed994,46,99,checkout
6a468e3e-631f-44e6-8620-cc83330ed994,47,0,entrance
6a468e3e-631f-44e6-8620-cc83330ed994,47,1,beverage
6a468e3e-631f-44e6-8620-cc83330ed994,47,2,product
6a468e3e-631f-44e6-8620-cc83330ed994,47,3,dairy
6a468e3e-631f-44e6-8620-cc83330ed994,47,4,frozen
6a468e3e-631f-44e6-8620-cc83330ed994,47,5,paper goods
6a468e3e-631f-44e6-8620-cc83330ed994,47,6,meat
6a468e3e-631f-44e6-8620-cc83330ed994,47,7,deli
6a468e3e-631f-44e6-8620-cc83330ed994,47,8,bakery
6a468e3e-631f-44e6-8620-cc83330ed994,47,9,condiments
6a468e3e-631f-44e6-8620-cc83330ed994,47,10,canned goods
6a468e3e-631f-44e6-8620-cc83330ed994,47,11,health and beauty aids
6a468e3e-631f-44e6-8620-cc83330ed994,47,99,checkout
6a468e3e-631f-44e6-8620-cc83330ed994,48,0,entrance
6a468e3e-631f-44e6-8620-cc83330ed994,48,1,beverage
6a468e3e-631f-44e6-8620-cc83330ed994,48,2,product
6a468e3e-631f-44e6-8620-cc83330ed994,48,3,dairy
6a468e3e-631f-44e6-8620-cc83330ed994,48,4,frozen
6a468e3e-631f-44e6-8620-cc83330ed994,48,5,paper goods
6a468e3e-631f-44e6-8620-cc83330ed994,48,6,meat
6a468e3e-631f-44e6-8620-cc83330ed994,48,7,deli
6a468e3e-631f-44e6-8620-cc83330ed994,48,8,bakery
6a468e3e-631f-44e6-8620-cc83330ed994,48,9,condiments
6a468e3e-631f-44e6-8620-cc83330ed994,48,10,canned goods
6a468e3e-631f-44e6-8620-cc83330ed994,48,11,health and beauty aids
6a468e3e-631f-44e6-8620-cc83330ed994,48,99,checkout
6a468e3e-631f-44e6-8620-cc83330ed994,49,0,entrance
6a468e3e-631f-44e6-8620-cc83330ed994,49,1,beverage
6a468e3e-631f-44e6-8620-cc83330ed994,49,2,product
6a468e3e-631f-44e6-8620-cc83330ed994,49,3,dairy
6a468e3e-631f-44e6-8620-cc83330ed994,49,4,frozen
6a468e3e-631f-44e6-8620-cc83330ed994,49,5,paper goods
6a468e3e-631f-44e6-8620-cc83330ed994,49,6,meat
6a468e3e-631f-44e6-8620-cc83330ed994,49,7,deli
6a468e3e-631f-44e6-8620-cc83330ed994,49,8,bakery
6a468e3e-631f-44e6-8620-cc83330ed994,49,9,condiments
6a468e3e-631f-44e6-8620-cc83330ed994,49,10,canned goods
6a468e3e-631f-44e6-8620-cc83330ed994,49,11,health and beauty aids
6a468e3e-631f-44e6-8620-cc83330ed994,49,99,checkout
6a468e3e-631f-44e6-8620-cc83330ed994,50,0,entrance
6a468e3e-631f-44e6-8620-cc83330ed994,50,1,beverage
6a468e3e-631f-44e6-8620-cc83330ed994,50,2,product
6a468e3e-631f-44e6-8620-cc83330ed994,50,3,dairy
6a468e3e-631f-44e6-8620-cc83330ed994,50,4,frozen
6a468e3e-631f-44e6-8620-cc83330ed994,50,5,paper goods
6a468e3e-631f-44e6-8620-cc83330ed994,50,6,meat
6a468e3e-631f-44e6-8620-cc83330ed994,50,7,deli
6a468e3e-631f-44e6-8620-cc83330ed994,50,8,bakery
6a468e3e-631f-44e6-8620-cc83330ed994,50,9,condiments
6a468e3e-631f-44e6-8620-cc83330ed994,50,10,canned goods
6a468e3e-631f-44e6-8620-cc83330ed994,50,11,health and beauty aids
6a468e3e-631f-44e6-8620-cc83330ed994,50,99,checkout
6a468e3e-631f-44e6-8620-cc83330ed994,51,0,entrance
6a468e3e-631f-44e6-8620-cc83330ed994,51,1,beverage
6a468e3e-631f-44e6-8620-cc83330ed994,51,2,product
6a468e3e-631f-44e6-8620-cc83330ed994,51,3,dairy
6a468e3e-631f-44e6-8620-cc83330ed994,51,4,frozen
6a468e3e-631f-44e6-8620-cc83330ed994,51,5,paper goods
6a468e3e-631f-44e6-8620-cc83330ed994,51,6,meat
6a468e3e-631f-44e6-8620-cc83330ed994,51,7,deli
6a468e3e-631f-44e6-8620-cc83330ed994,51,8,bakery
6a468e3e-631f-44e6-8620-cc83330ed994,51,9,condiments
6a468e3e-631f-44e6-8620-cc83330ed994,51,10,canned goods
6a468e3e-631f-44e6-8620-cc83330ed994,51,11,health and beauty aids
6a468e3e-631f-44e6-8620-cc83330ed994,51,99,checkout
6a468e3e-631f-44e6-8620-cc83330ed994,52,0,entrance
6a468e3e-631f-44e6-8620-cc83330ed994,52,1,beverage
6a468e3e-631f-44e6-8620-cc83330ed994,52,2,product
6a468e3e-631f-44e6-8620-cc83330ed994,52,3,dairy
6a468e3e-631f-44e6-8620-cc83330ed994,52,4,frozen
6a468e3e-631f-44e6-8620-cc83330ed994,52,5,paper goods
6a468e3e-631f-44e6-8620-cc83330ed994,52,6,meat
6a468e3e-631f-44e6-8620-cc83330ed994,52,7,deli
6a468e3e-631f-44e6-8620-cc83330ed994,52,8,bakery
6a468e3e-631f-44e6-8620-cc83330ed994,52,9,condiments
6a468e3e-631f-44e6-8620-cc83330ed994,52,10,canned goods
6a468e3e-631f-44e6-8620-cc83330ed994,52,11,health and beauty aids
6a468e3e-631f-44e6-8620-cc83330ed994,52,99,checkout
6a468e3e-631f-44e6-8620-cc83330ed994,53,0,entrance
6a468e3e-631f-44e6-8620-cc83330ed994,53,1,beverage
6a468e3e-631f-44e6-8620-cc83330ed994,53,2,product
6a468e3e-631f-44e6-8620-cc83330ed994,53,3,dairy
6a468e3e-631f-44e6-8620-cc83330ed994,53,4,frozen
6a468e3e-631f-44e6-8620-cc83330ed994,53,5,paper goods
6a468e3e-631f-44e6-8620-cc83330ed994,53,6,meat
6a468e3e-631f-44e6-8620-cc83330ed994,53,7,deli
6a468e3e-631f-44e6-8620-cc83330ed994,53,8,bakery
6a468e3e-631f-44e6-8620-cc83330ed994,53,9,condiments
6a468e3e-631f-44e6-8620-cc83330ed994,53,10,canned goods
6a468e3e-631f-44e6-8620-cc83330ed994,53,11,health and beauty aids
6a468e3e-631f-44e6-8620-cc83330ed994,53,99,checkout
6a468e3e-631f-44e6-8620-cc83330ed994,54,0,entrance
6a468e3e-631f-44e6-8620-cc83330ed994,54,1,beverage
6a468e3e-631f-44e6-8620-cc83330ed994,54,2,product
6a468e3e-631f-44e6-8620-cc83330ed994,54,3,dairy
6a468e3e-631f-44e6-8620-cc83330ed994,54,4,frozen
6a468e3e-631f-44e6-8620-cc83330ed994,54,5,paper goods
6a468e3e-631f-44e6-8620-cc83330ed994,54,6,meat
6a468e3e-631f-44e6-8620-cc83330ed994,54,7,deli
6a468e3e-631f-44e6-8620-cc83330ed994,54,8,bakery
6a468e3e-631f-44e6-8620-cc83330ed994,54,9,condiments
6a468e3e-631f-44e6-8620-cc83330ed994,54,10,canned goods
6a468e3e-631f-44e6-8620-cc83330ed994,54,11,health and beauty aids
6a468e3e-631f-44e6-8620-cc83330ed994,54,99,checkout
6a468e3e-631f-44e6-8620-cc83330ed994,55,0,entrance
6a468e3e-631f-44e6-8620-cc83330ed994,55,1,beverage
6a468e3e-631f-44e6-8620-cc83330ed994,55,2,product
6a468e3e-631f-44e6-8620-cc83330ed994,55,3,dairy
6a468e3e-631f-44e6-8620-cc83330ed994,55,4,frozen
6a468e3e-631f-44e6-8620-cc83330ed994,55,5,paper goods
6a468e3e-631f-44e6-8620-cc83330ed994,55,6,meat
6a468e3e-631f-44e6-8620-cc83330ed994,55,7,deli
6a468e3e-631f-44e6-8620-cc83330ed994,55,8,bakery
6a468e3e-631f-44e6-8620-cc83330ed994,55,9,condiments
6a468e3e-631f-44e6-8620-cc83330ed994,55,10,canned goods
6a468e3e-631f-44e6-8620-cc83330ed994,55,11,health and beauty aids
6a468e3e-631f-44e6-8620-cc83330ed994,55,99,checkout
6a468e3e-631f-44e6-8620-cc83330ed994,56,0,entrance
6a468e3e-631f-44e6-8620-cc83330ed994,56,1,beverage
6a468e3e-631f-44e6-8620-cc83330ed994,56,2,product
6a468e3e-631f-44e6-8620-cc83330ed994,56,3,dairy
6a468e3e-631f-44e6-8620-cc83330ed994,56,4,frozen
6a468e3e-631f-44e6-8620-cc83330ed994,56,5,paper goods
6a468e3e-631f-44e6-8620-cc83330ed994,56,6,meat
6a468e3e-631f-44e6-8620-cc83330ed994,56,7,deli
6a468e3e-631f-44e6-8620-cc83330ed994,56,8,bakery
6a468e3e-631f-44e6-8620-cc83330ed994,56,9,condiments
6a468e3e-631f-44e6-8620-cc83330ed994,56,10,canned goods
6a468e3e-631f-44e6-8620-cc83330ed994,56,11,health and beauty aids
6a468e3e-631f-44e6-8620-cc83330ed994,56,99,checkout
6a468e3e-631f-44e6-8620-cc83330ed994,57,0,entrance
6a468e3e-631f-44e6-8620-cc83330ed994,57,1,beverage
6a468e3e-631f-44e6-8620-cc83330ed994,57,2,product
6a468e3e-631f-44e6-8620-cc83330ed994,57,3,dairy
6a468e3e-631f-44e6-8620-cc83330ed994,57,4,frozen
6a468e3e-631f-44e6-8620-cc83330ed994,57,5,paper goods
6a468e3e-631f-44e6-8620-cc83330ed994,57,6,meat
6a468e3e-631f-44e6-8620-cc83330ed994,57,7,deli
6a468e3e-631f-44e6-8620-cc83330ed994,57,8,bakery
6a468e3e-631f-44e6-8620-cc83330ed994,57,9,condiments
6a468e3e-631f-44e6-8620-cc83330ed994,57,10,canned goods
6a468e3e-631f-44e6-8620-cc83330ed994,57,11,health and beauty aids
6a468e3e-631f-44e6-8620-cc83330ed994,57,99,checkout
6a468e3e-631f-44e6-8620-cc83330ed994,58,0,entrance
6a468e3e-631f-44e6-8620-cc83330ed994,58,1,beverage
6a468e3e-631f-44e6-8620-cc83330ed994,58,2,product
6a468e3e-631f-44e6-8620-cc83330ed994,58,3,dairy
6a468e3e-631f-44e6-8620-cc83330ed994,58,4,frozen
6a468e3e-631f-44e6-8620-cc83330ed994,58,5,paper goods
6a468e3e-631f-44e6-8620-cc83330ed994,58,6,meat
6a468e3e-631f-44e6-8620-cc83330ed994,58,7,deli
6a468e3e-631f-44e6-8620-cc83330ed994,58,8,bakery
6a468e3e-631f-44e6-8620-cc83330ed994,58,9,condiments
6a468e3e-631f-44e6-8620-cc83330ed994,58,10,canned goods
6a468e3e-631f-44e6-8620-cc83330ed994,58,11,health and beauty aids
6a468e3e-631f-44e6-8620-cc83330ed994,58,99,checkout
6a468e3e-631f-44e6-8620-cc83330ed994,59,0,entrance
6a468e3e-631f-44e6-8620-cc83330ed994,59,1,beverage
6a468e3e-631f-44e6-8620-cc83330ed994,59,2,product
6a468e3e-631f-44e6-8620-cc83330ed994,59,3,dairy
6a468e3e-631f-44e6-8620-cc83330ed994,59,4,frozen
6a468e3e-631f-44e6-8620-cc83330ed994,59,5,paper goods
6a468e3e-631f-44e6-8620-cc83330ed994,59,6,meat
6a468e3e-631f-44e6-8620-cc83330ed994,59,7,deli
6a468e3e-631f-44e6-8620-cc83330ed994,59,8,bakery
6a468e3e-631f-44e6-8620-cc83330ed994,59,9,condiments
6a468e3e-631f-44e6-8620-cc83330ed994,59,10,canned goods
6a468e3e-631f-44e6-8620-cc83330ed994,59,11,health and beauty aids
6a468e3e-631f-44e6-8620-cc83330ed994,59,99,checkout
6a468e3e-631f-44e6-8620-cc83330ed994,60,0,entrance
6a468e3e-631f-44e6-8620-cc83330ed994,60,1,beverage
6a468e3e-631f-44e6-8620-cc83330ed994,60,2,product
6a468e3e-631f-44e6-8620-cc83330ed994,60,3,dairy
6a468e3e-631f-44e6-8620-cc83330ed994,60,4,frozen
6a468e3e-631f-44e6-8620-cc83330ed994,60,5,paper goods
6a468e3e-631f-44e6-8620-cc83330ed994,60,6,meat
6a468e3e-631f-44e6-8620-cc83330ed994,60,7,deli
6a468e3e-631f-44e6-8620-cc83330ed994,60,8,bakery
6a468e3e-631f-44e6-8620-cc83330ed994,60,9,condiments
6a468e3e-631f-44e6-8620-cc83330ed994,60,10,canned goods
6a468e3e-631f-44e6-8620-cc83330ed994,60,11,health and beauty aids
6a468e3e-631f-44e6-8620-cc83330ed994,60,99,checkout
6a468e3e-631f-44e6-8620-cc83330ed994,61,0,entrance
6a468e3e-631f-44e6-8620-cc83330ed994,61,1,beverage
6a468e3e-631f-44e6-8620-cc83330ed994,61,2,product
6a468e3e-631f-44e6-8620-cc83330ed994,61,3,dairy
6a468e3e-631f-44e6-8620-cc83330ed994,61,4,frozen
6a468e3e-631f-44e6-8620-cc83330ed994,61,5,paper goods
6a468e3e-631f-44e6-8620-cc83330ed994,61,6,meat
6a468e3e-631f-44e6-8620-cc83330ed994,61,7,deli
6a468e3e-631f-44e6-8620-cc83330ed994,61,8,bakery
6a468e3e-631f-44e6-8620-cc83330ed994,61,9,condiments
6a468e3e-631f-44e6-8620-cc83330ed994,61,10,canned goods
6a468e3e-631f-44e6-8620-cc83330ed994,61,11,health and beauty aids
6a468e3e-631f-44e6-8620-cc83330ed994,61,99,checkout
6a468e3e-631f-44e6-8620-cc83330ed994,62,0,entrance
6a468e3e-631f-44e6-8620-cc83330ed994,62,1,beverage
6a468e3e-631f-44e6-8620-cc83330ed994,62,2,product
6a468e3e-631f-44e6-8620-cc83330ed994,62,3,dairy
6a468e3e-631f-44e6-8620-cc83330ed994,62,4,frozen
6a468e3e-631f-44e6-8620-cc83330ed994,62,5,paper goods
6a468e3e-631f-44e6-8620-cc83330ed994,62,6,meat
6a468e3e-631f-44e6-8620-cc83330ed994,62,7,deli
6a468e3e-631f-44e6-8620-cc83330ed994,62,8,bakery
6a468e3e-631f-44e6-8620-cc83330ed994,62,9,condiments
6a468e3e-631f-44e6-8620-cc83330ed994,62,10,canned goods
6a468e3e-631f-44e6-8620-cc83330ed994,62,11,health and beauty aids
6a468e3e-631f-44e6-8620-cc83330ed994,62,99,checkout
6a468e3e-631f-44e6-8620-cc83330ed994,63,0,entrance
6a468e3e-631f-44e6-8620-cc83330ed994,63,1,beverage
6a468e3e-631f-44e6-8620-cc83330ed994,63,2,product
6a468e3e-631f-44e6-8620-cc83330ed994,63,3,dairy
6a468e3e-631f-44e6-8620-cc83330ed994,63,4,frozen
6a468e3e-631f-44e6-8620-cc83330ed994,63,5,paper goods
6a468e3e-631f-44e6-8620-cc83330ed994,63,6,meat
6a468e3e-631f-44e6-8620-cc83330ed994,63,7,deli
6a468e3e-631f-44e6-8620-cc83330ed994,63,8,bakery
6a468e3e-631f-44e6-8620-cc83330ed994,63,9,condiments
6a468e3e-631f-44e6-8620-cc83330ed994,63,10,canned goods
6a468e3e-631f-44e6-8620-cc83330ed994,63,11,health and beauty aids
6a468e3e-631f-44e6-8620-cc83330ed994,63,99,checkout
6a468e3e-631f-44e6-8620-cc83330ed994,64,0,entrance
6a468e3e-631f-44e6-8620-cc83330ed994,64,1,beverage
6a468e3e-631f-44e6-8620-cc83330ed994,64,2,product
6a468e3e-631f-44e6-8620-cc83330ed994,64,3,dairy
6a468e3e-631f-44e6-8620-cc83330ed994,64,4,frozen
6a468e3e-631f-44e6-8620-cc83330ed994,64,5,paper goods
6a468e3e-631f-44e6-8620-cc83330ed994,64,6,meat
6a468e3e-631f-44e6-8620-cc83330ed994,64,7,deli
6a468e3e-631f-44e6-8620-cc83330ed994,64,8,bakery
6a468e3e-631f-44e6-8620-cc83330ed994,64,9,condiments
6a468e3e-631f-44e6-8620-cc83330ed994,64,10,canned goods
6a468e3e-631f-44e6-8620-cc83330ed994,64,11,health and beauty aids
6a468e3e-631f-44e6-8620-cc83330ed994,64,99,checkout
6a468e3e-631f-44e6-8620-cc83330ed994,65,0,entrance
6a468e3e-631f-44e6-8620-cc83330ed994,65,1,beverage
6a468e3e-631f-44e6-8620-cc83330ed994,65,2,product
6a468e3e-631f-44e6-8620-cc83330ed994,65,3,dairy
6a468e3e-631f-44e6-8620-cc83330ed994,65,4,frozen
6a468e3e-631f-44e6-8620-cc83330ed994,65,5,paper goods
6a468e3e-631f-44e6-8620-cc83330ed994,65,6,meat
6a468e3e-631f-44e6-8620-cc83330ed994,65,7,deli
6a468e3e-631f-44e6-8620-cc83330ed994,65,8,bakery
6a468e3e-631f-44e6-8620-cc83330ed994,65,9,condiments
6a468e3e-631f-44e6-8620-cc83330ed994,65,10,canned goods
6a468e3e-631f-44e6-8620-cc83330ed994,65,11,health and beauty aids
6a468e3e-631f-44e6-8620-cc83330ed994,65,99,checkout
6a468e3e-631f-44e6-8620-cc83330ed994,66,0,entrance
6a468e3e-631f-44e6-8620-cc83330ed994,66,1,beverage
6a468e3e-631f-44e6-8620-cc83330ed994,66,2,product
6a468e3e-631f-44e6-8620-cc83330ed994,66,3,dairy
6a468e3e-631f-44e6-8620-cc83330ed994,66,4,frozen
6a468e3e-631f-44e6-8620-cc83330ed994,66,5,paper goods
6a468e3e-631f-44e6-8620-cc83330ed994,66,6,meat
6a468e3e-631f-44e6-8620-cc83330ed994,66,7,deli
6a468e3e-631f-44e6-8620-cc83330ed994,66,8,bakery
6a468e3e-631f-44e6-8620-cc83330ed994,66,9,condiments
6a468e3e-631f-44e6-8620-cc83330ed994,66,10,canned goods
6a468e3e-631f-44e6-8620-cc83330ed994,66,11,health and beauty aids
6a468e3e-631f-44e6-8620-cc83330ed994,66,99,checkout
6a468e3e-631f-44e6-8620-cc83330ed994,67,0,entrance
6a468e3e-631f-44e6-8620-cc83330ed994,67,1,beverage
6a468e3e-631f-44e6-8620-cc83330ed994,67,2,product
6a468e3e-631f-44e6-8620-cc83330ed994,67,3,dairy
6a468e3e-631f-44e6-8620-cc83330ed994,67,4,frozen
6a468e3e-631f-44e6-8620-cc83330ed994,67,5,paper goods
6a468e3e-631f-44e6-8620-cc83330ed994,67,6,meat
6a468e3e-631f-44e6-8620-cc83330ed994,67,7,deli
6a468e3e-631f-44e6-8620-cc83330ed994,67,8,bakery
6a468e3e-631f-44e6-8620-cc83330ed994,67,9,condiments
6a468e3e-631f-44e6-8620-cc83330ed994,67,10,canned goods
6a468e3e-631f-44e6-8620-cc83330ed994,67,11,health and beauty aids
6a468e3e-631f-44e6-8620-cc83330ed994,67,99,checkout
6a468e3e-631f-44e6-8620-cc83330ed994,68,0,entrance
6a468e3e-631f-44e6-8620-cc83330ed994,68,1,beverage
6a468e3e-631f-44e6-8620-cc83330ed994,68,2,product
6a468e3e-631f-44e6-8620-cc83330ed994,68,3,dairy
6a468e3e-631f-44e6-8620-cc83330ed994,68,4,frozen
6a468e3e-631f-44e6-8620-cc83330ed994,68,5,paper goods
6a468e3e-631f-44e6-8620-cc83330ed994,68,6,meat
6a468e3e-631f-44e6-8620-cc83330ed994,68,7,deli
6a468e3e-631f-44e6-8620-cc83330ed994,68,8,bakery
6a468e3e-631f-44e6-8620-cc83330ed994,68,9,condiments
6a468e3e-631f-44e6-8620-cc83330ed994,68,10,canned goods
6a468e3e-631f-44e6-8620-cc83330ed994,68,11,health and beauty aids
6a468e3e-631f-44e6-8620-cc83330ed994,68,99,checkout
6a468e3e-631f-44e6-8620-cc83330ed994,69,0,entrance
6a468e3e-631f-44e6-8620-cc83330ed994,69,1,beverage
6a468e3e-631f-44e6-8620-cc83330ed994,69,2,product
6a468e3e-631f-44e6-8620-cc83330ed994,69,3,dairy
6a468e3e-631f-44e6-8620-cc83330ed994,69,4,frozen
6a468e3e-631f-44e6-8620-cc83330ed994,69,5,paper goods
6a468e3e-631f-44e6-8620-cc83330ed994,69,6,meat
6a468e3e-631f-44e6-8620-cc83330ed994,69,7,deli
6a468e3e-631f-44e6-8620-cc83330ed994,69,8,bakery
6a468e3e-631f-44e6-8620-cc83330ed994,69,9,condiments
6a468e3e-631f-44e6-8620-cc83330ed994,69,10,canned goods
6a468e3e-631f-44e6-8620-cc83330ed994,69,11,health and beauty aids
6a468e3e-631f-44e6-8620-cc83330ed994,69,99,checkout
6a468e3e-631f-44e6-8620-cc83330ed994,70,0,entrance
6a468e3e-631f-44e6-8620-cc83330ed994,70,1,beverage
6a468e3e-631f-44e6-8620-cc83330ed994,70,2,product
6a468e3e-631f-44e6-8620-cc83330ed994,70,3,dairy
6a468e3e-631f-44e6-8620-cc83330ed994,70,4,frozen
6a468e3e-631f-44e6-8620-cc83330ed994,70,5,paper goods
6a468e3e-631f-44e6-8620-cc83330ed994,70,6,meat
6a468e3e-631f-44e6-8620-cc83330ed994,70,7,deli
6a468e3e-631f-44e6-8620-cc83330ed994,70,8,bakery
6a468e3e-631f-44e6-8620-cc83330ed994,70,9,condiments
6a468e3e-631f-44e6-8620-cc83330ed994,70,10,canned goods
6a468e3e-631f-44e6-8620-cc83330ed994,70,11,health and beauty aids
6a468e3e-631f-44e6-8620-cc83330ed994,70,99,checkout
6a468e3e-631f-44e6-8620-cc83330ed994,71,0,entrance
6a468e3e-631f-44e6-8620-cc83330ed994,71,1,beverage
6a468e3e-631f-44e6-8620-cc83330ed994,71,2,product
6a468e3e-631f-44e6-8620-cc83330ed994,71,3,dairy
6a468e3e-631f-44e6-8620-cc83330ed994,71,4,frozen
6a468e3e-631f-44e6-8620-cc83330ed994,71,5,paper goods
6a468e3e-631f-44e6-8620-cc83330ed994,71,6,meat
6a468e3e-631f-44e6-8620-cc83330ed994,71,7,deli
6a468e3e-631f-44e6-8620-cc83330ed994,71,8,bakery
6a468e3e-631f-44e6-8620-cc83330ed994,71,9,condiments
6a468e3e-631f-44e6-8620-cc83330ed994,71,10,canned goods
6a468e3e-631f-44e6-8620-cc83330ed994,71,11,health and beauty aids
6a468e3e-631f-44e6-8620-cc83330ed994,71,99,checkout
6a468e3e-631f-44e6-8620-cc83330ed994,72,0,entrance
6a468e3e-631f-44e6-8620-cc83330ed994,72,1,beverage
6a468e3e-631f-44e6-8620-cc83330ed994,72,2,product
6a468e3e-631f-44e6-8620-cc83330ed994,72,3,dairy
6a468e3e-631f-44e6-8620-cc83330ed994,72,4,frozen
6a468e3e-631f-44e6-8620-cc83330ed994,72,5,paper goods
6a468e3e-631f-44e6-8620-cc83330ed994,72,6,meat
6a468e3e-631f-44e6-8620-cc83330ed994,72,7,deli
6a468e3e-631f-44e6-8620-cc83330ed994,72,8,bakery
6a468e3e-631f-44e6-8620-cc83330ed994,72,9,condiments
6a468e3e-631f-44e6-8620-cc83330ed994,72,10,canned goods
6a468e3e-631f-44e6-8620-cc83330ed994,72,11,health and beauty aids
6a468e3e-631f-44e6-8620-cc83330ed994,72,99,checkout
6a468e3e-631f-44e6-8620-cc83330ed994,73,0,entrance
6a468e3e-631f-44e6-8620-cc83330ed994,73,1,beverage
6a468e3e-631f-44e6-8620-cc83330ed994,73,2,product
6a468e3e-631f-44e6-8620-cc83330ed994,73,3,dairy
6a468e3e-631f-44e6-8620-cc83330ed994,73,4,frozen
6a468e3e-631f-44e6-8620-cc83330ed994,73,5,paper goods
6a468e3e-631f-44e6-8620-cc83330ed994,73,6,meat
6a468e3e-631f-44e6-8620-cc83330ed994,73,7,deli
6a468e3e-631f-44e6-8620-cc83330ed994,73,8,bakery
6a468e3e-631f-44e6-8620-cc83330ed994,73,9,condiments
6a468e3e-631f-44e6-8620-cc83330ed994,73,10,canned goods
6a468e3e-631f-44e6-8620-cc83330ed994,73,11,health and beauty aids
6a468e3e-631f-44e6-8620-cc83330ed994,73,99,checkout
6a468e3e-631f-44e6-8620-cc83330ed994,74,0,entrance
6a468e3e-631f-44e6-8620-cc83330ed994,74,1,beverage
6a468e3e-631f-44e6-8620-cc83330ed994,74,2,product
6a468e3e-631f-44e6-8620-cc83330ed994,74,3,dairy
6a468e3e-631f-44e6-8620-cc83330ed994,74,4,frozen
6a468e3e-631f-44e6-8620-cc83330ed994,74,5,paper goods
6a468e3e-631f-44e6-8620-cc83330ed994,74,6,meat
6a468e3e-631f-44e6-8620-cc83330ed994,74,7,deli
6a468e3e-631f-44e6-8620-cc83330ed994,74,8,bakery
6a468e3e-631f-44e6-8620-cc83330ed994,74,9,condiments
6a468e3e-631f-44e6-8620-cc83330ed994,74,10,canned goods
6a468e3e-631f-44e6-8620-cc83330ed994,74,11,health and beauty aids
6a468e3e-631f-44e6-8620-cc83330ed994,74,99,checkout
6a468e3e-631f-44e6-8620-cc83330ed994,75,0,entrance
6a468e3e-631f-44e6-8620-cc83330ed994,75,1,beverage
6a468e3e-631f-44e6-8620-cc83330ed994,75,2,product
6a468e3e-631f-44e6-8620-cc83330ed994,75,3,dairy
6a468e3e-631f-44e6-8620-cc83330ed994,75,4,frozen
6a468e3e-631f-44e6-8620-cc83330ed994,75,5,paper goods
6a468e3e-631f-44e6-8620-cc83330ed994,75,6,meat
6a468e3e-631f-44e6-8620-cc83330ed994,75,7,deli
6a468e3e-631f-44e6-8620-cc83330ed994,75,8,bakery
6a468e3e-631f-44e6-8620-cc83330ed994,75,9,condiments
6a468e3e-631f-44e6-8620-cc83330ed994,75,10,canned goods
6a468e3e-631f-44e6-8620-cc83330ed994,75,11,health and beauty aids
6a468e3e-631f-44e6-8620-cc83330ed994,75,99,checkout
6a468e3e-631f-44e6-8620-cc83330ed994,76,0,entrance
6a468e3e-631f-44e6-8620-cc83330ed994,76,1,beverage
6a468e3e-631f-44e6-8620-cc83330ed994,76,2,product
6a468e3e-631f-44e6-8620-cc83330ed994,76,3,dairy
6a468e3e-631f-44e6-8620-cc83330ed994,76,4,frozen
6a468e3e-631f-44e6-8620-cc83330ed994,76,5,paper goods
6a468e3e-631f-44e6-8620-cc83330ed994,76,6,meat
6a468e3e-631f-44e6-8620-cc83330ed994,76,7,deli
6a468e3e-631f-44e6-8620-cc83330ed994,76,8,bakery
6a468e3e-631f-44e6-8620-cc83330ed994,76,9,condiments
6a468e3e-631f-44e6-8620-cc83330ed994,76,10,canned goods
6a468e3e-631f-44e6-8620-cc83330ed994,76,11,health and beauty aids
6a468e3e-631f-44e6-8620-cc83330ed994,76,99,checkout
6a468e3e-631f-44e6-8620-cc83330ed994,77,0,entrance
6a468e3e-631f-44e6-8620-cc83330ed994,77,1,beverage
6a468e3e-631f-44e6-8620-cc83330ed994,77,2,product
6a468e3e-631f-44e6-8620-cc83330ed994,77,3,dairy
6a468e3e-631f-44e6-8620-cc83330ed994,77,4,frozen
6a468e3e-631f-44e6-8620-cc83330ed994,77,5,paper goods
6a468e3e-631f-44e6-8620-cc83330ed994,77,6,meat
6a468e3e-631f-44e6-8620-cc83330ed994,77,7,deli
6a468e3e-631f-44e6-8620-cc83330ed994,77,8,bakery
6a468e3e-631f-44e6-8620-cc83330ed994,77,9,condiments
6a468e3e-631f-44e6-8620-cc83330ed994,77,10,canned goods
6a468e3e-631f-44e6-8620-cc83330ed994,77,11,health and beauty aids
6a468e3e-631f-44e6-8620-cc83330ed994,77,99,checkout
6a468e3e-631f-44e6-8620-cc83330ed994,78,0,entrance
6a468e3e-631f-44e6-8620-cc83330ed994,78,1,beverage
6a468e3e-631f-44e6-8620-cc83330ed994,78,2,product
6a468e3e-631f-44e6-8620-cc83330ed994,78,3,dairy
6a468e3e-631f-44e6-8620-cc83330ed994,78,4,frozen
6a468e3e-631f-44e6-8620-cc83330ed994,78,5,paper goods
6a468e3e-631f-44e6-8620-cc83330ed994,78,6,meat
6a468e3e-631f-44e6-8620-cc83330ed994,78,7,deli
6a468e3e-631f-44e6-8620-cc83330ed994,78,8,bakery
6a468e3e-631f-44e6-8620-cc83330ed994,78,9,condiments
6a468e3e-631f-44e6-8620-cc83330ed994,78,10,canned goods
6a468e3e-631f-44e6-8620-cc83330ed994,78,11,health and beauty aids
6a468e3e-631f-44e6-8620-cc83330ed994,78,99,checkout
6a468e3e-631f-44e6-8620-cc83330ed994,79,0,entrance
6a468e3e-631f-44e6-8620-cc83330ed994,79,1,beverage
6a468e3e-631f-44e6-8620-cc83330ed994,79,2,product
6a468e3e-631f-44e6-8620-cc83330ed994,79,3,dairy
6a468e3e-631f-44e6-8620-cc83330ed994,79,4,frozen
6a468e3e-631f-44e6-8620-cc83330ed994,79,5,paper goods
6a468e3e-631f-44e6-8620-cc83330ed994,79,6,meat
6a468e3e-631f-44e6-8620-cc83330ed994,79,7,deli
6a468e3e-631f-44e6-8620-cc83330ed994,79,8,bakery
6a468e3e-631f-44e6-8620-cc83330ed994,79,9,condiments
6a468e3e-631f-44e6-8620-cc83330ed994,79,10,canned goods
6a468e3e-631f-44e6-8620-cc83330ed994,79,11,health and beauty aids
6a468e3e-631f-44e6-8620-cc83330ed994,79,99,checkout
6a468e3e-631f-44e6-8620-cc83330ed994,80,0,entrance
6a468e3e-631f-44e6-8620-cc83330ed994,80,1,beverage
6a468e3e-631f-44e6-8620-cc83330ed994,80,2,product
6a468e3e-631f-44e6-8620-cc83330ed994,80,3,dairy
6a468e3e-631f-44e6-8620-cc83330ed994,80,4,frozen
6a468e3e-631f-44e6-8620-cc83330ed994,80,5,paper goods
6a468e3e-631f-44e6-8620-cc83330ed994,80,6,meat
6a468e3e-631f-44e6-8620-cc83330ed994,80,7,deli
6a468e3e-631f-44e6-8620-cc83330ed994,80,8,bakery
6a468e3e-631f-44e6-8620-cc83330ed994,80,9,condiments
6a468e3e-631f-44e6-8620-cc83330ed994,80,10,canned goods
6a468e3e-631f-44e6-8620-cc83330ed994,80,11,health and beauty aids
6a468e3e-631f-44e6-8620-cc83330ed994,80,99,checkout
6a468e3e-631f-44e6-8620-cc83330ed994,81,0,entrance
6a468e3e-631f-44e6-8620-cc83330ed994,81,1,beverage
6a468e3e-631f-44e6-8620-cc83330ed994,81,2,product
6a468e3e-631f-44e6-8620-cc83330ed994,81,3,dairy
6a468e3e-631f-44e6-8620-cc83330ed994,81,4,frozen
6a468e3e-631f-44e6-8620-cc83330ed994,81,5,paper goods
6a468e3e-631f-44e6-8620-cc83330ed994,81,6,meat
6a468e3e-631f-44e6-8620-cc83330ed994,81,7,deli
6a468e3e-631f-44e6-8620-cc83330ed994,81,8,bakery
6a468e3e-631f-44e6-8620-cc83330ed994,81,9,condiments
6a468e3e-631f-44e6-8620-cc83330ed994,81,10,canned goods
6a468e3e-631f-44e6-8620-cc83330ed994,81,11,health and beauty aids
6a468e3e-631f-44e6-8620-cc83330ed994,81,99,checkout
6a468e3e-631f-44e6-8620-cc83330ed994,82,0,entrance
6a468e3e-631f-44e6-8620-cc83330ed994,82,1,beverage
6a468e3e-631f-44e6-8620-cc83330ed994,82,2,product
6a468e3e-631f-44e6-8620-cc83330ed994,82,3,dairy
6a468e3e-631f-44e6-8620-cc83330ed994,82,4,frozen
6a468e3e-631f-44e6-8620-cc83330ed994,82,5,paper goods
6a468e3e-631f-44e6-8620-cc83330ed994,82,6,meat
6a468e3e-631f-44e6-8620-cc83330ed994,82,7,deli
6a468e3e-631f-44e6-8620-cc83330ed994,82,8,bakery
6a468e3e-631f-44e6-8620-cc83330ed994,82,9,condiments
6a468e3e-631f-44e6-8620-cc83330ed994,82,10,canned goods
6a468e3e-631f-44e6-8620-cc83330ed994,82,11,health and beauty aids
6a468e3e-631f-44e6-8620-cc83330ed994,82,99,checkout
6a468e3e-631f-44e6-8620-cc83330ed994,83,0,entrance
6a468e3e-631f-44e6-8620-cc83330ed994,83,1,beverage
6a468e3e-631f-44e6-8620-cc83330ed994,83,2,product
6a468e3e-631f-44e6-8620-cc83330ed994,83,3,dairy
6a468e3e-631f-44e6-8620-cc83330ed994,83,4,frozen
6a468e3e-631f-44e6-8620-cc83330ed994,83,5,paper goods
6a468e3e-631f-44e6-8620-cc83330ed994,83,6,meat
6a468e3e-631f-44e6-8620-cc83330ed994,83,7,deli
6a468e3e-631f-44e6-8620-cc83330ed994,83,8,bakery
6a468e3e-631f-44e6-8620-cc83330ed994,83,9,condiments
6a468e3e-631f-44e6-8620-cc83330ed994,83,10,canned goods
6a468e3e-631f-44e6-8620-cc83330ed994,83,11,health and beauty aids
6a468e3e-631f-44e6-8620-cc83330ed994,83,99,checkout
6a468e3e-631f-44e6-8620-cc83330ed994,84,0,entrance
6a468e3e-631f-44e6-8620-cc83330ed994,84,1,beverage
6a468e3e-631f-44e6-8620-cc83330ed994,84,2,product
6a468e3e-631f-44e6-8620-cc83330ed994,84,3,dairy
6a468e3e-631f-44e6-8620-cc83330ed994,84,4,frozen
6a468e3e-631f-44e6-8620-cc83330ed994,84,5,paper goods
6a468e3e-631f-44e6-8620-cc83330ed994,84,6,meat
6a468e3e-631f-44e6-8620-cc83330ed994,84,7,deli
6a468e3e-631f-44e6-8620-cc83330ed994,84,8,bakery
6a468e3e-631f-44e6-8620-cc83330ed994,84,9,condiments
6a468e3e-631f-44e6-8620-cc83330ed994,84,10,canned goods
6a468e3e-631f-44e6-8620-cc83330ed994,84,11,health and beauty aids
6a468e3e-631f-44e6-8620-cc83330ed994,84,99,checkout
6a468e3e-631f-44e6-8620-cc83330ed994,85,0,entrance
6a468e3e-631f-44e6-8620-cc83330ed994,85,1,beverage
6a468e3e-631f-44e6-8620-cc83330ed994,85,2,product
6a468e3e-631f-44e6-8620-cc83330ed994,85,3,dairy
6a468e3e-631f-44e6-8620-cc83330ed994,85,4,frozen
6a468e3e-631f-44e6-8620-cc83330ed994,85,5,paper goods
6a468e3e-631f-44e6-8620-cc83330ed994,85,6,meat
6a468e3e-631f-44e6-8620-cc83330ed994,85,7,deli
6a468e3e-631f-44e6-8620-cc83330ed994,85,8,bakery
6a468e3e-631f-44e6-8620-cc83330ed994,85,9,condiments
6a468e3e-631f-44e6-8620-cc83330ed994,85,10,canned goods
6a468e3e-631f-44e6-8620-cc83330ed994,85,11,health and beauty aids
6a468e3e-631f-44e6-8620-cc83330ed994,85,99,checkout
6a468e3e-631f-44e6-8620-cc83330ed994,86,0,entrance
6a468e3e-631f-44e6-8620-cc83330ed994,86,1,beverage
6a468e3e-631f-44e6-8620-cc83330ed994,86,2,product
6a468e3e-631f-44e6-8620-cc83330ed994,86,3,dairy
6a468e3e-631f-44e6-8620-cc83330ed994,86,4,frozen
6a468e3e-631f-44e6-8620-cc83330ed994,86,5,paper goods
6a468e3e-631f-44e6-8620-cc83330ed994,86,6,meat
6a468e3e-631f-44e6-8620-cc83330ed994,86,7,deli
6a468e3e-631f-44e6-8620-cc83330ed994,86,8,bakery
6a468e3e-631f-44e6-8620-cc83330ed994,86,9,condiments
6a468e3e-631f-44e6-8620-cc83330ed994,86,10,canned goods
6a468e3e-631f-44e6-8620-cc83330ed994,86,11,health and beauty aids
6a468e3e-631f-44e6-8620-cc83330ed994,86,99,checkout
6a468e3e-631f-44e6-8620-cc83330ed994,87,0,entrance
6a468e3e-631f-44e6-8620-cc83330ed994,87,1,beverage
6a468e3e-631f-44e6-8620-cc83330ed994,87,2,product
6a468e3e-631f-44e6-8620-cc83330ed994,87,3,dairy
6a468e3e-631f-44e6-8620-cc83330ed994,87,4,frozen
6a468e3e-631f-44e6-8620-cc83330ed994,87,5,paper goods
6a468e3e-631f-44e6-8620-cc83330ed994,87,6,meat
6a468e3e-631f-44e6-8620-cc83330ed994,87,7,deli
6a468e3e-631f-44e6-8620-cc83330ed994,87,8,bakery
6a468e3e-631f-44e6-8620-cc83330ed994,87,9,condiments
6a468e3e-631f-44e6-8620-cc83330ed994,87,10,canned goods
6a468e3e-631f-44e6-8620-cc83330ed994,87,11,health and beauty aids
6a468e3e-631f-44e6-8620-cc83330ed994,87,99,checkout
6a468e3e-631f-44e6-8620-cc83330ed994,88,0,entrance
6a468e3e-631f-44e6-8620-cc83330ed994,88,1,beverage
6a468e3e-631f-44e6-8620-cc83330ed994,88,2,product
6a468e3e-631f-44e6-8620-cc83330ed994,88,3,dairy
6a468e3e-631f-44e6-8620-cc83330ed994,88,4,frozen
6a468e3e-631f-44e6-8620-cc83330ed994,88,5,paper goods
6a468e3e-631f-44e6-8620-cc83330ed994,88,6,meat
6a468e3e-631f-44e6-8620-cc83330ed994,88,7,deli
6a468e3e-631f-44e6-8620-cc83330ed994,88,8,bakery
6a468e3e-631f-44e6-8620-cc83330ed994,88,9,condiments
6a468e3e-631f-44e6-8620-cc83330ed994,88,10,canned goods
6a468e3e-631f-44e6-8620-cc83330ed994,88,11,health and beauty aids
6a468e3e-631f-44e6-8620-cc83330ed994,88,99,checkout
6a468e3e-631f-44e6-8620-cc83330ed994,89,0,entrance
6a468e3e-631f-44e6-8620-cc83330ed994,89,1,beverage
6a468e3e-631f-44e6-8620-cc83330ed994,89,2,product
6a468e3e-631f-44e6-8620-cc83330ed994,89,3,dairy
6a468e3e-631f-44e6-8620-cc83330ed994,89,4,frozen
6a468e3e-631f-44e6-8620-cc83330ed994,89,5,paper goods
6a468e3e-631f-44e6-8620-cc83330ed994,89,6,meat
6a468e3e-631f-44e6-8620-cc83330ed994,89,7,deli
6a468e3e-631f-44e6-8620-cc83330ed994,89,8,bakery
6a468e3e-631f-44e6-8620-cc83330ed994,89,9,condiments
6a468e3e-631f-44e6-8620-cc83330ed994,89,10,canned goods
6a468e3e-631f-44e6-8620-cc83330ed994,89,11,health and beauty aids
6a468e3e-631f-44e6-8620-cc83330ed994,89,99,checkout
6a468e3e-631f-44e6-8620-cc83330ed994,90,0,entrance
6a468e3e-631f-44e6-8620-cc83330ed994,90,1,beverage
6a468e3e-631f-44e6-8620-cc83330ed994,90,2,product
6a468e3e-631f-44e6-8620-cc83330ed994,90,3,dairy
6a468e3e-631f-44e6-8620-cc83330ed994,90,4,frozen
6a468e3e-631f-44e6-8620-cc83330ed994,90,5,paper goods
6a468e3e-631f-44e6-8620-cc83330ed994,90,6,meat
6a468e3e-631f-44e6-8620-cc83330ed994,90,7,deli
6a468e3e-631f-44e6-8620-cc83330ed994,90,8,bakery
6a468e3e-631f-44e6-8620-cc83330ed994,90,9,condiments
6a468e3e-631f-44e6-8620-cc83330ed994,90,10,canned goods
6a468e3e-631f-44e6-8620-cc83330ed994,90,11,health and beauty aids
6a468e3e-631f-44e6-8620-cc83330ed994,90,99,checkout
6a468e3e-631f-44e6-8620-cc83330ed994,91,0,entrance
6a468e3e-631f-44e6-8620-cc83330ed994,91,1,beverage
6a468e3e-631f-44e6-8620-cc83330ed994,91,2,product
6a468e3e-631f-44e6-8620-cc83330ed994,91,3,dairy
6a468e3e-631f-44e6-8620-cc83330ed994,91,4,frozen
6a468e3e-631f-44e6-8620-cc83330ed994,91,5,paper goods
6a468e3e-631f-44e6-8620-cc83330ed994,91,6,meat
6a468e3e-631f-44e6-8620-cc83330ed994,91,7,deli
6a468e3e-631f-44e6-8620-cc83330ed994,91,8,bakery
6a468e3e-631f-44e6-8620-cc83330ed994,91,9,condiments
6a468e3e-631f-44e6-8620-cc83330ed994,91,10,canned goods
6a468e3e-631f-44e6-8620-cc83330ed994,91,11,health and beauty aids
6a468e3e-631f-44e6-8620-cc83330ed994,91,99,checkout
6a468e3e-631f-44e6-8620-cc83330ed994,92,0,entrance
6a468e3e-631f-44e6-8620-cc83330ed994,92,1,beverage
6a468e3e-631f-44e6-8620-cc83330ed994,92,2,product
6a468e3e-631f-44e6-8620-cc83330ed994,92,3,dairy
6a468e3e-631f-44e6-8620-cc83330ed994,92,4,frozen
6a468e3e-631f-44e6-8620-cc83330ed994,92,5,paper goods
6a468e3e-631f-44e6-8620-cc83330ed994,92,6,meat
6a468e3e-631f-44e6-8620-cc83330ed994,92,7,deli
6a468e3e-631f-44e6-8620-cc83330ed994,92,8,bakery
6a468e3e-631f-44e6-8620-cc83330ed994,92,9,condiments
6a468e3e-631f-44e6-8620-cc83330ed994,92,10,canned goods
6a468e3e-631f-44e6-8620-cc83330ed994,92,11,health and beauty aids
6a468e3e-631f-44e6-8620-cc83330ed994,92,99,checkout
6a468e3e-631f-44e6-8620-cc83330ed994,93,0,entrance
6a468e3e-631f-44e6-8620-cc83330ed994,93,1,beverage
6a468e3e-631f-44e6-8620-cc83330ed994,93,2,product
6a468e3e-631f-44e6-8620-cc83330ed994,93,3,dairy
6a468e3e-631f-44e6-8620-cc83330ed994,93,4,frozen
6a468e3e-631f-44e6-8620-cc83330ed994,93,5,paper goods
6a468e3e-631f-44e6-8620-cc83330ed994,93,6,meat
6a468e3e-631f-44e6-8620-cc83330ed994,93,7,deli
6a468e3e-631f-44e6-8620-cc83330ed994,93,8,bakery
6a468e3e-631f-44e6-8620-cc83330ed994,93,9,condiments
6a468e3e-631f-44e6-8620-cc83330ed994,93,10,canned goods
6a468e3e-631f-44e6-8620-cc83330ed994,93,11,health and beauty aids
6a468e3e-631f-44e6-8620-cc83330ed994,93,99,checkout
6a468e3e-631f-44e6-8620-cc83330ed994,94,0,entrance
6a468e3e-631f-44e6-8620-cc83330ed994,94,1,beverage
6a468e3e-631f-44e6-8620-cc83330ed994,94,2,product
6a468e3e-631f-44e6-8620-cc83330ed994,94,3,dairy
6a468e3e-631f-44e6-8620-cc83330ed994,94,4,frozen
6a468e3e-631f-44e6-8620-cc83330ed994,94,5,paper goods
6a468e3e-631f-44e6-8620-cc83330ed994,94,6,meat
6a468e3e-631f-44e6-8620-cc83330ed994,94,7,deli
6a468e3e-631f-44e6-8620-cc83330ed994,94,8,bakery
6a468e3e-631f-44e6-8620-cc83330ed994,94,9,condiments
6a468e3e-631f-44e6-8620-cc83330ed994,94,10,canned goods
6a468e3e-631f-44e6-8620-cc83330ed994,94,11,health and beauty aids
6a468e3e-631f-44e6-8620-cc83330ed994,94,99,checkout
6a468e3e-631f-44e6-8620-cc83330ed994,95,0,entrance
6a468e3e-631f-44e6-8620-cc83330ed994,95,1,beverage
6a468e3e-631f-44e6-8620-cc83330ed994,95,2,product
6a468e3e-631f-44e6-8620-cc83330ed994,95,3,dairy
6a468e3e-631f-44e6-8620-cc83330ed994,95,4,frozen
6a468e3e-631f-44e6-8620-cc83330ed994,95,5,paper goods
6a468e3e-631f-44e6-8620-cc83330ed994,95,6,meat
6a468e3e-631f-44e6-8620-cc83330ed994,95,7,deli
6a468e3e-631f-44e6-8620-cc83330ed994,95,8,bakery
6a468e3e-631f-44e6-8620-cc83330ed994,95,9,condiments
6a468e3e-631f-44e6-8620-cc83330ed994,95,10,canned goods
6a468e3e-631f-44e6-8620-cc83330ed994,95,11,health and beauty aids
6a468e3e-631f-44e6-8620-cc83330ed994,95,99,checkout
6a468e3e-631f-44e6-8620-cc83330ed994,96,0,entrance
6a468e3e-631f-44e6-8620-cc83330ed994,96,1,beverage
6a468e3e-631f-44e6-8620-cc83330ed994,96,2,product
6a468e3e-631f-44e6-8620-cc83330ed994,96,3,dairy
6a468e3e-631f-44e6-8620-cc83330ed994,96,4,frozen
6a468e3e-631f-44e6-8620-cc83330ed994,96,5,paper goods
6a468e3e-631f-44e6-8620-cc83330ed994,96,6,meat
6a468e3e-631f-44e6-8620-cc83330ed994,96,7,deli
6a468e3e-631f-44e6-8620-cc83330ed994,96,8,bakery
6a468e3e-631f-44e6-8620-cc83330ed994,96,9,condiments
6a468e3e-631f-44e6-8620-cc83330ed994,96,10,canned goods
6a468e3e-631f-44e6-8620-cc83330ed994,96,11,health and beauty aids
6a468e3e-631f-44e6-8620-cc83330ed994,96,99,checkout
6a468e3e-631f-44e6-8620-cc83330ed994,97,0,entrance
6a468e3e-631f-44e6-8620-cc83330ed994,97,1,beverage
6a468e3e-631f-44e6-8620-cc83330ed994,97,2,product
6a468e3e-631f-44e6-8620-cc83330ed994,97,3,dairy
6a468e3e-631f-44e6-8620-cc83330ed994,97,4,frozen
6a468e3e-631f-44e6-8620-cc83330ed994,97,5,paper goods
6a468e3e-631f-44e6-8620-cc83330ed994,97,6,meat
6a468e3e-631f-44e6-8620-cc83330ed994,97,7,deli
6a468e3e-631f-44e6-8620-cc83330ed994,97,8,bakery
6a468e3e-631f-44e6-8620-cc83330ed994,97,9,condiments
6a468e3e-631f-44e6-8620-cc83330ed994,97,10,canned goods
6a468e3e-631f-44e6-8620-cc83330ed994,97,11,health and beauty aids
6a468e3e-631f-44e6-8620-cc83330ed994,97,99,checkout
6a468e3e-631f-44e6-8620-cc83330ed994,98,0,entrance
6a468e3e-631f-44e6-8620-cc83330ed994,98,1,beverage
6a468e3e-631f-44e6-8620-cc83330ed994,98,2,product
6a468e3e-631f-44e6-8620-cc83330ed994,98,3,dairy
6a468e3e-631f-44e6-8620-cc83330ed994,98,4,frozen
6a468e3e-631f-44e6-8620-cc83330ed994,98,5,paper goods
6a468e3e-631f-44e6-8620-cc83330ed994,98,6,meat
6a468e3e-631f-44e6-8620-cc83330ed994,98,7,deli
6a468e3e-631f-44e6-8620-cc83330ed994,98,8,bakery
6a468e3e-631f-44e6-8620-cc83330ed994,98,9,condiments
6a468e3e-631f-44e6-8620-cc83330ed994,98,10,canned goods
6a468e3e-631f-44e6-8620-cc83330ed994,98,11,health and beauty aids
6a468e3e-631f-44e6-8620-cc83330ed994,98,99,checkout
6a468e3e-631f-44e6-8620-cc83330ed994,99,0,entrance
6a468e3e-631f-44e6-8620-cc83330ed994,99,1,beverage
6a468e3e-631f-44e6-8620-cc83330ed994,99,2,product
6a468e3e-631f-44e6-8620-cc83330ed994,99,3,dairy
6a468e3e-631f-44e6-8620-cc83330ed994,99,4,frozen
6a468e3e-631f-44e6-8620-cc83330ed994,99,5,paper goods
6a468e3e-631f-44e6-8620-cc83330ed994,99,6,meat
6a468e3e-631f-44e6-8620-cc83330ed994,99,7,deli
6a468e3e-631f-44e6-8620-cc83330ed994,99,8,bakery
6a468e3e-631f-44e6-8620-cc83330ed994,99,9,condiments
6a468e3e-631f-44e6-8620-cc83330ed994,99,10,canned goods
6a468e3e-631f-44e6-8620-cc83330ed994,99,11,health and beauty aids
6a468e3e-631f-44e6-8620-cc83330ed994,99,99,checkout
6a468e3e-631f-44e6-8620-cc83330ed994,100,0,entrance
6a468e3e-631f-44e6-8620-cc83330ed994,100,1,beverage
6a468e3e-631f-44e6-8620-cc83330ed994,100,2,product
6a468e3e-631f-44e6-8620-cc83330ed994,100,3,dairy
6a468e3e-631f-44e6-8620-cc83330ed994,100,4,frozen
6a468e3e-631f-44e6-8620-cc83330ed994,100,5,paper goods
6a468e3e-631f-44e6-8620-cc83330ed994,100,6,meat
6a468e3e-631f-44e6-8620-cc83330ed994,100,7,deli
6a468e3e-631f-44e6-8620-cc83330ed994,100,8,bakery
6a468e3e-631f-44e6-8620-cc83330ed994,100,9,condiments
6a468e3e-631f-44e6-8620-cc83330ed994,100,10,canned goods
6a468e3e-631f-44e6-8620-cc83330ed994,100,11,health and beauty aids
6a468e3e-631f-44e6-8620-cc83330ed994,100,99,checkout
